ANT101H5, 2, ANT100Y1, ANTA01H3
ANT102H5, 2, ANT100Y1, ANTA02H3
ANT199H5, 0, 
ANT200H5, 2, ANT200Y5, ANT200Y1
ANT201H5, 2, ANT200Y5, ANT200Y1
ANT202H5, 3, ANT203Y5, ANT203Y1, ANTB15H3
ANT203H5, 3, ANT203Y5, ANT203Y1, ANTB14H3
ANT204H5, 3, ANT204Y5, ANT207H1, ANTB19H3
ANT205H5, 0, 
ANT206H5, 3, ANT206Y5, ANT253H1, ANTB21H3
ANT207H5, 1, ANT204Y5
ANT208H5, 0, 
ANT209H5, 0, 
ANT210H5, 0, 
ANT211H5, 1, ANT331H5
ANT212H5, 0, 
ANT214H5, 0, 
ANT215H5, 0, 
ANT217H5, 0, 
ANT218H5, 0, 
ANT220H5, 1, ANT208H1
ANT241H5, 1, ANT241Y5
ANT299H5, 1, ANT299Y5
ANT299Y5, 1, ANT299H5
ANT306H5, 0, 
ANT308H5, 0, 
ANT309H5, 0, 
ANT310H5, 0, 
ANT312H5, 1, ARH312Y1
ANT313H5, 0, 
ANT314H5, 0, 
ANT316H5, 0, 
ANT317H5, 1, ANT317H1
ANT318H5, 0, 
ANT320H5, 0, 
ANT322H5, 1, ANT322H1
ANT327H5, 0, 
ANT331H5, 2, ANT330H5, ANT331Y5
ANT332H5, 4, ANT332Y5, ANT335Y1, ANTC16H3, ANTC17H3
ANT333H5, 4, ANT332Y5, ANT335Y1, ANTC16H3, ANTC17H3
ANT334H5, 4, ANT334Y5, ANT334H1, ANT334Y1, ANTC47H3
ANT335H5, 4, ANT331Y5, ANT343Y1, ANT343H1, ANTC15H3
ANT337H5, 0, 
ANT338H5, 0, 
ANT340H5, 2, ANT334Y5, ANTC48H3
ANT341H5, 0, 
ANT350H5, 1, ANT350H1
ANT351H5, 3, ANT378H1, ANTC19H3, ANTC20H3
ANT352H5, 1, ANTC32H3
ANT354H5, 2, ANT322H5, in Spring 2014
ANT357H5, 2, ANT351H1, ANT457H5
ANT358H5, 2, ANT369H1, ANTC60H3
ANT360H5, 2, ANT356H1, ANTC33H3
ANT362H5, 0, 
ANT363H5, 0, 
ANT364H5, 0, 
ANT365H5, 0, 
ANT367H5, 1, None
ANT368H5, 1, RLG311H5
ANT369H5, 1, RLG317H5
ANT370H5, 0, 
ANT380H5, 0, 
ANT381H5, 0, 
ANT397H5, 0, 
ANT398H5, 0, 
ANT399H5, 1, ANT399Y5
ANT399Y5, 1, ANT399H5
ANT402H5, 0, 
ANT403H5, 1, None
ANT407H5, 16, ANTC35H3, BIO360H5, BIO361H5, ECO220Y5, ECO227Y5, PSY201H5, PSY202H5, SOC300Y5, SOC350H5, SOC351H5, STA218H5, STA220H5, STA221H5, STA256H5, STA258H5, STA260H5
ANT414H5, 0, 
ANT415H5, 2, ANT415Y5, ANT415Y1
ANT416H5, 1, ANT312Y1
ANT418H5, 0, 
ANT430H5, 0, 
ANT431H5, 0, 
ANT432H5, 0, 
ANT433H5, 0, 
ANT434H5, 0, 
ANT436H5, 1, ANT336H5
ANT437H5, 0, 
ANT438H5, 0, 
ANT439H5, 0, 
ANT441H5, 0, 
ANT459H5, 0, 
ANT460H5, 1, ANTD24H3
ANT461H5, 0, 
ANT462H5, 0, 
ANT463H5, 0, 
ANT464H5, 0, 
ANT498H5, 0, 
ANT499H5, 0, 
AST101H5, 13, AST101H1, AST121H1, AST221H1, ASTA01H3 / any 100 / higher level course in Chemistry / Physics with the exception of, CHM110H5, CHM101H1, CHM135H1, PHY100H5, PHY100H1, PHY101H5, PHY201H1, PHY202H1, PHY205H1.
AST110H5, 1, AST326Y1
AST201H5, 17, AST121H1, AST201H1, AST210H1, AST221H1, AST222H1, ASTA02H3, ASTB23H3, any 100 / higher level course in Chemistry / Physics with the exception of, CHM110H5, CHM101H1, CHM135H1, PHY100H5, PHY100H1, PHY101H1, PHY201H1, PHY202H1, PHY205H.
AST215H5, 7, AST101H1, AST101H5, AST121H1, AST201H1, AST201H5, AST210H1, ASTB03H3
AST252H5, 4, AST101H5, AST101H1121H1201H5221H1251H1, ASTA01H3, ASTA02H3
AST299Y5, 0, 
AST399Y5, 0, 
BIO152H5, 2, BIO130H1, BIOA01H3
BIO153H5, 2, BIO120H1, BIOA02H3
BIO200H5, 2, PCL201H1, JBC201H5
BIO201H5, 0, 
BIO202H5, 5, BIO204H5, BIO270H1, BIO271H1, BIOB32H3, BIOB34H3
BIO203H5, 2, BIO204H5, BIO251H1
BIO205H5, 1, BIOB50H3
BIO206H5, 2, BIO230H1 / BIO255H1, BIOB10Y3 / BIOB11H3 / BIOB12H3
BIO207H5, 3, BIO260H1, HMB265H1, BIOC15H3
BIO210Y5, 1, BIO210H5
BIO211H5, 3, Any BIO course except, BIO201H5, taken previously / concurrently.
BIO299Y5, 0, 
BIO304H5, 2, CJH332H1, CSB332H1
BIO310H5, 1, PSL301H1
BIO311H5, 1, GGR311H5
BIO312H5, 0, 
BIO313H5, 0, 
BIO314H5, 0, 
BIO315H5, 0, 
BIO318Y5, 2, BIO328H5, PSY252H5352H5
BIO320H5, 1, PSY362H5
BIO324H5, 1, CSB475H1
BIO325H5, 0, 
BIO326H5, 1, EEB386H1
BIO328H5, 2, BIO318Y5, PSY252H5352H5
BIO330H5, 0, 
BIO331H5, 0, 
BIO333H5, 2, BIO332Y5, BIO337H5
BIO335H5, 0, 
BIO338H5, 1, BIO334H5
BIO339H5, 1, EEB337H1
BIO341H5, 0, 
BIO342H5, 0, 
BIO347H5, 2, BIOD19H3, CSB458H1
BIO353H5, 1, CSB340H51
BIO354H5, 0, 
BIO356H5, 0, 
BIO360H5, 3, ECO220Y5, PSY202H5, STA221H5
BIO361H5, 1, ECO220Y5
BIO362H5, 1, None
BIO368H5, 1, NFS400H1
BIO370Y5, 0, 
BIO371H5, 1, BIO370H5
BIO372H5, 4, JBC372H5, CHM360Y5, JLM349H1, MGB311Y1
BIO373H5, 0, 
BIO374H5, 0, 
BIO375H5, 0, 
BIO376H5, 1, None
BIO378H5, 1, None
BIO380H5, 0, 
BIO399Y5, 0, 
BIO400Y5, 4, JEG400Y5Y, JEG401Y5Y, BIO481Y5, JCB487Y5
BIO403H5, 0, 
BIO404H5, 1, None
BIO405H5, 1, PSY362H5
BIO406H5, 0, 
BIO407H5, 0, 
BIO408H5, 1, None
BIO409H5, 0, 
BIO410H5, 0, 
BIO411H5, 0, 
BIO412H5, 0, 
BIO414H5, 2, KPE360H1, KPE462H1
BIO416H5, 0, 
BIO419H5, 1, MGY420H1
BIO422H5, 1, BIOD19H3
BIO434H5, 0, 
BIO443H5, 0, 
BIO445H5, 1, EEB324H1
BIO458H5, 1, None
BIO464H5, 0, 
JBC472H5, 0, 
BIO475H5, 1, CSB351Y1
BIO476H5, 0, 
BIO477H5, 1, MGY470H1
BIO481Y5, 2, BIO400Y5, JCB487Y5
BIO483H5, 1, None
BIO484H5, 1, None
JCB487Y5, 15, BIO400Y5481Y5, CBJ481Y5, CHM489Y5, ERS470Y5471H5472H5, PHY489Y5, BCH472Y1473Y1, CHM499Y1, CSB497H1498Y1499Y1, ESS491H1492Y1, MGY480Y1, PHY478H1479Y1, BIOD98Y3, CHMD90Y391H3, ESSD09H310H3, PSCD10H3
CBJ481Y5, 0, 
HSC200H5, 1, HSC302H5
HSC300H5, 0, 
HSC301H5, 1, CCT470H5
HSC302H5, 1, HMB304H1
HSC307H5, 1, None
HSC401H5, 0, 
HSC402H5, 1, None
HSC403H5, 0, 
HSC404H5, 0, 
HSC405H5, 0, 
HSC406H5, 0, 
CHM110H5, 3, CHM135H1139H1151Y1, CHM140Y5, CHMA11H3
CHM120H5, 3, CHM136H1138H1151Y1, CHM140Y5, CHMA10H3
CHM201H5, 1, Any CHM/JCP course taken previously / concurrently
CHM211H5, 2, CHM217H1, CHMB16H3
JCP221H5, 2, CHM220H1221H1225Y1, CHMB20H3B23H3
CHM231H5, 2, CHM238Y1, CHMB31H3
CHM242H5, 2, CHM138H1, CHMB41H3B43Y
CHM243H5, 2, CHM247H1249H1, CHMB42H3
JCP265H5, 1, CSC108H5
CHM299Y5, 0, 
FSC311H5, 0, 
CHM311H5, 2, CHM317Y1, CHMC16H3C11H3
JCP321H5, 3, CHM326Y1, PHY256H1356H1, PHYB56H3C56H3
JCP322H5, 3, CHM328H1, CHMC20H3, PHY452H1
CHM331H5, 2, CHM338H1, CHMC31Y3
CHM333H5, 2, CHM437H1, CHMD69H3
CHM341H5, 2, CHM348H1, CHMC41H3
CHM345H5, 2, CHM342H1, CHMC42H3
CHM347H5, 2, CHM347H1, CHMC47H3
CHM361H5, 3, BCH210H1242Y1311H1, BIOC12H3, CHMB62H3
CHM362H5, 3, BCH210H1242Y1, BIOC13H3, CHMB62H3
CHM372H5, 2, CHM371H5, BCH370H1371H1
CHM373H5, 2, CHM371H5, BCH370H1371H1
CHM394H5, 1, CHM393H5Y
CHM395H5, 0, 
CHM396H5, 3, CHM391H5, CHM317H1410Y1, CHMC16H3
CHM397H5, 0, 
CPS398H5, 0, 
CHM399Y5, 0, 
CPS400Y5, 1, none
JCP410H5, 0, 
CHM412H5, 0, 
CHM414H5, 0, 
CHM416H5, 1, CHM416H1
JCP421H5, 2, PHYC563H3, PHY456H1
JCP422H5, 0, 
CHM442H5, 0, 
CHM444H5, 0, 
CHM462H5, 0, 
JCP463H5, 0, 
CHM485H5, 0, 
CHM489Y5, 3, CHM499Y1, JCB487Y5, CHMD90Y3
CIN101H5, 9, INI115Y1, NEW115Y1, VIC115Y1, ERI201H5, ERI202H5, CIN202H5, CIN205Y5, CIN105H1, ENGB70H3
CIN102H5, 0, 
CIN203H5, 0, 
CIN204H5, 0, 
CIN205H5, 0, 
CIN206H5, 0, 
CIN207H5, 0, 
CIN208H5, 0, 
CIN215H5, 3, VCC390H5, - Topic: Bollywood, CIN302H5
CIN250H5, 0, 
CIN290H5, 0, 
CIN301H5, 0, 
CIN302H5, 0, 
CIN303H5, 0, 
CIN304H5, 0, 
CIN305H5, 0, 
CIN306H5, 0, 
CIN307H5, 0, 
CIN308H5, 0, 
CIN309H5, 2, CIN301H5, topics course "Colour".
CIN310H5, 2, CIN301H5, Topics course Melodrama.
CIN350H5, 0, 
CIN399Y5, 0, 
CIN400H5, 0, 
CIN401H5, 0, 
CIN402H5, 0, 
CIN403H5, 0, 
CIN404H5, 3, CIN401H5, topics course "Film Noir, the Problem of Style".
CIN405H5, 3, CIN401H5, topic: Difficult Emotions, Moving Images
CIN450H5, 0, 
CIN451H5, 0, 
CLA101H5, 2, CLA160H1, CLAA04H3
CLA201H5, 1, CLA201H1
CLA204H5, 2, CLA204H1, CLAB05H3
CLA230H5, 2, CLA230H1, CLAB05H3
CLA231H5, 2, CLA231H1, CLAB06H3
CLA232H5, 1, CLA206H1
CLA233H5, 2, CLA233H1, CLAB06H3
CLA234H5, 1, CLA203H1
CLA235H5, 0, 
CLA237H5, 2, CLA232H1, CLAB05H3
CLA299Y5, 0, 
CLA300H5, 3, CLA382H1, CLA383H1, CLAC01H3
CLA301H5, 2, CLA236H1, CLAC11H3
CLA302H5, 2, CLA236H1, CLAC11H3
CLA303H5, 2, CLA303H1, CLAC12H3
CLA308H5, 1, CLA308H1
CLA310H5, 1, CLA310H1
CLA319H5, 2, CLA219H1, CLA219H5
CLA320H5, 0, 
CLA348H5, 1, CLAC05H3
CLA359H5, 1, NMC349H1
CLA360H5, 2, CLA362H1, CLA363H1
CLA361H5, 2, CLA335H5, CLA363H1
CLA362H5, 1, CLA347H5CLA64H1
CLA365H5, 1, CLA372H1
CLA367H5, 1, CLA367H1
CLA368H5, 1, CLA368H1
CLA369H5, 1, CLA369H1
CLA370H5, 1, CLA378H1
CLA390H5, 0, 
CLA391H5, 0, 
CLA395H5, 0, 
CLA399Y5, 0, 
CLA404H5, 0, 
CLA405H5, 1, CLA305H1
CLA497Y5, 0, 
CLA499H5, 1, CLA401H5/CLA401Y5
CLA499Y5, 0, 
CCT109H5, 0, 
CCT110H5, 0, 
CCT111H5, 0, 
CCT200H5, 0, 
CCT202H5, 0, 
WRI203H5, 0, 
CCT204H5, 0, 
CCT205H5, 0, 
CCT206H5, 0, 
CCT207H5, 0, 
CCT208H5, 0, 
CCT209H5, 1, ERI203H5
CCT210H5, 2, CCT213H5, VIC223YI
CCT211H5, 0, 
CCT212H5, 0, 
CCT218H5, 0, 
CCT219H5, 0, 
CCT222H5, 0, 
CCT224H5, 0, 
CCT225H5, 5, CCT325H5, MGM371H5, MGT371H5, RSM327H1, MGAC70H3
CCT226H5, 0, 
CCT250H5, 0, 
CCT260H5, 0, 
CCT261H5, 0, 
CCT270H5, 0, 
CCT273H5, 0, 
CCT285H5, 0, 
CCT286H5, 0, 
CCT295H5, 0, 
WRI299Y5, 0, 
CCT300H5, 0, 
CCT301H5, 0, 
CCT302H5, 0, 
CCT303H5, 0, 
WRI303H5, 0, 
CCT304H5, 0, 
CCT305H5, 0, 
WRI307H5, 0, 
CCT308H5, 0, 
CCT310H5, 0, 
WRI310H5, 0, 
CCT311H5, 0, 
CCT312H5, 0, 
CCT314H5, 0, 
CCT315H5, 0, 
CCT316H5, 0, 
CCT319H5, 1, ECO100Y5
CCT320H5, 0, 
WRI320H5, 0, 
CCT321H5, 4, MGM230H5, MGT230H5, MGT331Y1, MGT337Y5
CCT322H5, 3, MGM252H5, MGT252H5, MGT352H5
CCT324H5, 0, 
WRI325H5, 0, 
CCT326H5, 0, 
WRI327H5, 0, 
WRI330H5, 0, 
CCT331H5, 0, 
CCT333H5, 0, 
CCT334H5, 0, 
CCT335H5, 0, 
CCT336H5, 0, 
CCT340H5, 0, 
WRI340H5, 0, 
CCT341H5, 0, 
CCT351H5, 0, 
CCT352H5, 0, 
CCT353H5, 0, 
CCT354H5, 1, CCT356H5
CCT355H5, 0, 
CCT356H5, 1, CCT354H5
CCT357H5, 0, 
CCT360H5, 0, 
WRI360H5, 0, 
CCT361H5, 0, 
WRI363H5, 0, 
CCT365H5, 0, 
WRI365Y5, 1, WRI365H5
WRI370H5, 0, 
CCT371H5, 0, 
CCT372H5, 0, 
CCT373H5, 1, CCT473H5
CCT374H5, 0, 
WRI375H5, 0, 
CCT376H5, 0, 
WRI378H5, 0, 
WRI380H5, 0, 
CCT380H5, 0, 
CCT381H5, 0, 
CCT382H5, 0, 
CCT383H5, 0, 
CCT384H5, 0, 
CCT385H5, 0, 
CCT386H5, 0, 
CCT387H5, 0, 
WRI390H5, 0, 
CCT390H5, 0, 
CCT391H5, 0, 
WRI391H5, 0, 
WRI392H5, 0, 
WRI395H5, 0, 
CCT395H5, 0, 
WRI399Y5, 0, 
CCT399Y5, 2, CCT299Y5, VCC399Y5
CCT400H5, 0, 
CCT401H5, 1, CCT405H5
CCT402H5, 0, 
CCT403H5, 0, 
CCT404H5, 0, 
CCT405H5, 1, CCT401H5
CCT406H5, 0, 
CCT407Y5, 1, CCT409H5
CCT409H5, 1, CCT411H5
CCT410H5, 0, 
WRI410H5, 1, CCT410H5411H5
CCT411H5, 0, 
WRI411H5, 1, CCT410H5411H5
CCT412H5, 0, 
CCT414H5, 0, 
MGD415H5, 2, MGT415H5, MGT471H5
CCT416H5, 0, 
CCT417H5, 0, 
CCT418H5, 0, 
CCT419H5, 0, 
CCT420H5, 0, 
WRI420H5, 0, 
MGD420H5, 0, 
MGD421H5, 0, 
MGD422H5, 0, 
CCT423H5, 0, 
MGD423H5, 0, 
CCT424H5, 2, MGT400H5, MGM400H5
MGD425H5, 0, 
MGD426H5, 0, 
MGD427H5, 6, JGM291H5, MGM390H5, MGM393H5, MGM394H5, MGM423H5, MGM429H5
MGD428H5, 1, MGD328H5
MGD429H5, 0, 
CCT430H5, 0, 
MGD430H5, 0, 
WRI430H5, 0, 
CCT431H5, 0, 
CCT432H5, 0, 
CCT433H5, 0, 
CCT434H5, 0, 
CCT441H5, 0, 
CCT448H5, 0, 
CCT449H5, 0, 
CCT450H5, 0, 
CCT451H5, 0, 
CCT452H5, 0, 
CCT453H5, 0, 
CCT454H5, 0, 
CCT456H5, 0, 
CCT457H5, 0, 
CCT460H5, 0, 
CCT461H5, 0, 
CCT470H5, 0, 
CCT471H5, 0, 
CCT472H5, 0, 
CCT473H5, 0, 
CCT474H5, 0, 
CCT475H5, 0, 
CCT480H5, 0, 
CCT481H5, 0, 
CCT482H5, 0, 
CCT483H5, 0, 
WRI483H5, 0, 
CCT485H5, 0, 
WRI488H5, 3, Food, Writing taken previously as, WRI490H5
CCT490H5, 0, 
WRI490H5, 0, 
CCT491H5, 0, 
CCT495H5, 0, 
WRI499Y5, 0, 
CCT499Y5, 0, 
CSC104H5, 1, any CSC course
CSC108H5, 7, CSC108H1, CSC120H1, CSC148H5, CSC148H1, CSC150H1, CSCA08H3, CSCA20H3
CSC148H5, 3, CSC148H1, CSC150H1, CSCA48H3
CSC199H5, 0, 
CSC207H5, 2, CSC207H1, CSCB07H3
CSC209H5, 2, CSC209H1, CSCB09H3
CSC236H5, 3, CSC236H1, CSC240H1, CSCB36H3
CSC258H5, 2, CSC258H1, CSCB58H3
CSC263H5, 3, CSC263H1, CSC265H1, CSCB63H3
CSC290H5, 1, CSC290H1
CSC299Y5, 0, 
CSC300H5, 2, CSC300H1, CSCD03H3
CSC301H5, 2, CSC301H1, CSCC01H3
CSC309H5, 2, CSC309H1, CSCC09H3
CSC310H5, 1, CSC310H1
CSC318H5, 1, CSC318H1
CSC320H5, 1, CSC320H1
CSC321H5, 1, CSC321H1
CSC322H5, 2, MAT302H5, MATC16H3
CSC324H5, 2, CSC324H1, CSCC24H3
CSC333H5, 0, 
CSC338H5, 5, CSC336H1, CSC350H5, CSC350H1, CSC351H1, CSCC37H3
CSC343H5, 2, CSC343H1, CSCC43H3
CSC347H5, 0, 
CSC358H5, 2, CSC358H1, CSC458H1
CSC363H5, 2, CSCC63H3, CSC463H1
CSC367H5, 1, CSC367H1
CSC369H5, 2, CSC369H1, CSCC69H3
CSC373H5, 3, CSC373H1, CSC375H1, CSCC73H3
CSC375H5, 0, 
CSC376H5, 0, 
CSC384H5, 3, CSC384H1, CSC484H1, CSCD84H3
CSC398H5, 0, 
CSC399Y5, 0, 
CSC404H5, 1, CSC404H1
CSC409H5, 0, 
CSC411H5, 2, CSC411H1, CSCC11H3
CSC420H5, 0, 
CSC422H5, 0, 
CSC423H5, 0, 
CSC427H5, 0, 
CSC428H5, 1, CSC428H1
CSC448H5, 1, CSC448H1
CSC454H5, 0, 
CSC458H5, 2, CSC458H1, CSCD58H3
CSC469H5, 1, CSC469H1
CSC477H5, 0, 
CSC488H5, 0, 
CSC490H5, 2, CSC490H1, CSC491H1
CSC492H5, 4, CSC494H1, CSC495H1, CSCD94H3, CSCD95H3
CSC493H5, 4, CSC494H1, CSC495H1, CSCD94H3, CSCD95H3
CSC498H5, 0, 
CSC499Y5, 0, 
CTE388Y5, 1, CTE388H
CTE388H5, 2, CTE388Y, EDS388H5
SOC205H5, 1, SOC305H5
SOC206H5, 0, 
SOC208H5, 0, 
SOC209H5, 2, CRI205H1, CRI210H1
SOC211H5, 4, SOC212Y1, SOC212H1, SOCB50H3, SOCB51H3
SOC216H5, 2, SOC213Y1, CRI215H1
SOC219H5, 1, CRI380H1
SOC301H5, 0, 
SOC303H5, 0, 
SOC306H5, 0, 
SOC310H5, 2, CRI370H1, SOC310H1
SOC311H5, 0, 
SOC316H5, 0, 
SOC320H5, 3, SOC300H5, Special Topics in Criminology: Criminal Justice Organizations Fall 2016, Winter 2017
SOC322H5, 0, 
SOC323H5, 0, 
SOC324H5, 2, SOC447H5, S Winter 2019
SOC325H5, 4, SOC346H5, Special Topics in Crime, Law: Human Rights, Security Fall 2015
SOC326H5, 2, CRI335H1, SOCC11H3
SOC327H5, 0, 
SOC328H5, 2, SOC421H5, Fall 2014
SOC330H5, 1, CRI383H1
SOC337H5, 0, 
SOC338H5, 4, SOC300H5, Summer 2015, Fall 2015, Winter 2016
SOC346H5, 0, 
SOC351H5, 5, SOC346H5, Special Topics in Crime, Law: Politics, Violence: Spot the Difference Fall 2017, Winter 2018
SOC357H5, 0, 
SOC365H5, 0, 
SOC366H5, 0, 
SOC371H5, 1, CRI340H1
SOC378H5, 0, 
SOC379H5, 0, 
SOC382H5, 0, 
SOC393H5, 0, 
SOC394H5, 0, 
SOC401H5, 3, SOC456H5, Seni/ Seminar in Law, Society: How to Communicate about Law to Different Audiences Winter 2018
SOC403H5, 0, 
SOC420H5, 0, 
SOC421H5, 0, 
SOC423H5, 4, SOC346H5, Special Topics in Crime, Law: Identity Crime Fall 2012, Fall 2013
SOC429H5, 0, 
SOC432H5, 3, SOC445H5, Fall 2009, Winter 2010
SOC440H5, 0, 
SOC446H5, 0, 
SOC447H5, 0, 
SOC448H5, 0, 
SOC450H5, 0, 
SOC456H5, 0, 
SOC475H5, 0, 
SOC493H5, 0, 
SOC494H5, 0, 
DTS201H5, 2, DTS201H1, DTSB01H3
DTS202H5, 2, DTS202H1, DTSB02H3
DTS301H5, 0, 
DTS401H5, 0, 
DRE121H5, 2, DRM100Y1, ENG125Y1
DRE122H5, 2, DRM100Y1, ENG125Y1
DRE200H5, 1, DRM268H1
DRE221Y5, 4, ENG220Y5, DRE224H5, DRE226H5, DRE370H5
DRE222H5, 1, DRE240H5242H5244H5246H5
DRE224H5, 3, ENG220Y5, DRE221Y5, ENG223H5
DRE226H5, 1, DRE221Y5
DRE299Y5, 0, 
DRE305H5, 0, 
DRE342H5, 0, 
DRE344H5, 0, 
DRE346H5, 0, 
DRE347H5, 0, 
DRE348H5, 0, 
DRE350H5, 1, CIN305Y
DRE352H5, 0, 
DRE356H5, 0, 
DRE358H5, 0, 
DRE360H5, 0, 
DRE362H5, 0, 
DRE366H5, 0, 
DRE370H5, 1, DRE221Y5
DRE380H5, 0, 
DRE392H5, 2, DRM390Y5, DRE390Y5
DRE394H5, 2, DRM390Y5, DRE390Y5
DRE399Y5, 0, 
DRE405H5, 0, 
DRE420H5, 0, 
DRE422H5, 0, 
DRE463H5, 0, 
DRS121H5, 0, 
DRS122H5, 0, 
DRS221H5, 0, 
DRS222H5, 0, 
DRS321H5, 0, 
DRS322H5, 0, 
DRS325H5, 0, 
DRS326H5, 0, 
DRS421H5, 0, 
DRS422H5, 0, 
DRS425H5, 0, 
DRS426H5, 0, 
ERS101H5, 4, ESS102H1105H1, EESA07H3, EESB15H3, ERS120H5
ERS111H5, 3, ERS103H5, ESS103H1102H1, EESA05H3A06H3B15H3
ERS201H5, 2, ESS221H1, EESC35H3
ERS202H5, 1, ESS241H1
ERS203H5, 1, ESS222H1
ERS211H5, 3, ESS331H1, ESS332H1, ERS313H5
ERS225H5, 1, None
ERS299Y5, 0, 
ERS301H5, 2, ENV233H1, ESS311H1
ERS302H5, 1, ESS445H1
ERS303H5, 1, JPE395H1
ERS304H5, 1, GGR337H1
ERS311H5, 1, ESS331H1
ERS312H5, 0, 
ERS315H5, 3, ESS205H1, JEE337H1, EESA05H3
ERS325H5, 2, ESS330H1 f/merly GLG340H1, ESSC16H3D07H3
JGE378H5, 2, GGR378H5, ERS317H5
ERS381H5, 1, ESS381H1
ERS399Y5, 0, 
ERS401H5, 1, ERS419H5
ERS402H5, 1, ESS441H1
ERS403H5, 2, JPE493H1, PHY493H1
ERS404H5, 0, 
ERS411H5, 0, 
ERS412H5, 3, ESS205H1461H1, EESB03H3, ERS321H5
ERS425H5, 1, ESS420H1
ERS470Y5, 3, ERS471H5472H5, ESS491H1492Y1, EESD09H3D10Y3
ERS471H5, 3, ERS470Y5, ESS491H1492Y1, EESD09H3D10Y3
ERS472H5, 3, ERS470Y5, ESS491H1492Y1, EESD09H3D10Y3
ERS499Y5, 3, ERS471H5472H5, ESS491H1492Y1, EESDO9H3D10Y3
ECO100Y5, 3, ECO101H1, ECO102H1, ECO100Y1
ECO200Y5, 3, ECO204Y5, ECO205Y5, ECO206Y5
ECO202Y5, 1, ECO208Y5/ECO209Y5
ECO204Y5, 3, ECO200Y5, ECO205Y5, ECO206Y5
ECO205Y5, 3, ECO200Y5, ECO204Y5, ECO206Y5
ECO206Y5, 3, ECO200Y5, ECO204Y5, ECO205Y5
ECO208Y5, 1, ECO202Y5/ECO209Y5
ECO209Y5, 2, ECO202Y5, ECO208Y5
ECO220Y5, 6, BIO360H5, BIO361H5, ECO227Y5, MAT123H1,MAT124H1, PSY201H5, PSY202H5
ECO227Y5, 12, BIO360H5, BIO361H5, ECO220Y5, PSY201H5, PSY202H5, STA218H5/STA220H5, STA221H5, STA255H1/STA256H5/STA257H5/STA256H5, STA258H5/STA257H5/STA256H5, STA261H5/STA260H5, SOC350H5, SOC351H5
ECO244Y5, 1, WDW244Y1/WDW244H1
ECO261H5, 3, ECO361Y5/ECO343H5, ECO344H5, ECO239Y1
ECO302H5, 0, 
ECO303H5, 2, ECO341H1, ECO342Y1
ECO310Y5, 1, ECO380H5
ECO315H5, 1, ECO324Y520149
ECO320Y5, 0, 
ECO322Y5, 1, ECO429Y1
ECO323Y5, 1, ECO321Y1/ECO221Y1
ECO324H5, 5, ECO324Y5, ECO324Y1, ECO324H1, ECO352H5, S: Special Topics Economics of Poverty 20161
ECO325H5, 0, 
ECO326H5, 1, ECO372Y5
ECO333H5, 1, ECO333Y5
ECO336Y5, 1, ECO236Y1
ECO343H5, 1, ECO361Y5239Y1339Y1
ECO344H5, 3, ECO361Y5, ECO239Y1, ECO339Y1
ECO345H5, 3, Students who completed, ECO352H5, Special Topics: Macroeconomics & the Labour Market are not eligible.
ECO348H5, 3, ECO349H5, ECO349H1, Students who have taken
ECO349H5, 6, ECO349H1, ECO348H5, students who have taken, ECO352H5, Special Topics: Fundamentals of MoneyBanking, Financial Markets are not eligible f/ this course.
ECO350Y5, 0, 
ECO351H5, 0, 
ECO352H5, 0, 
ECO353H5, 0, 
ECO358H5, 3, MGT331Y1, MGT337Y5, MGT338H5
ECO359H5, 3, MGT331Y1, MGT337Y5/MGT338H5, MGT339H5
ECO362H5, 1, ECO451H1
ECO364H5, 2, ECO328Y1, ECO230Y1
ECO365H5, 3, ECO328Y1, ECO230Y1, MGT439H5
ECO370Y5, 3, ECO381H5, ECO426H1, MGT310Y1
ECO373Y5, 2, ECO313H1, ECO373H5
ECO375H5, 3, ECO327Y5, ECO372Y1, ECO375H1
ECO380H5, 2, ECO310Y5, MGT310Y1
ECO381H5, 3, ECO370Y5, ECO426H1, MGT310Y1
ECO383H5, 2, ECO351H52007W, ECO338H1
ECO385H5, 0, 
ECO399H5, 0, 
ECO399Y5, 0, 
ECO400Y5, 14, BIO400Y5, CCT409H5, CTE388H5, ENV400Y5, FSC481Y5, HIS498Y5, ITA400Y5, JEG400Y5, JEG401Y5, MGT480H5, CCT410H5/411H5, PSY442Y5, SOC480Y5, WGS435Y5
ECO401Y5, 0, 
ECO402H5, 0, 
ECO406H5, 1, ECO412Y5
ECO411H5, 1, ECO412Y5
ECO412Y5, 0, 
ECO420Y5, 2, ECO421H5, ECO422H5
ECO421H5, 1, ECO420Y5
ECO422H5, 1, ECO420Y5
ECO433H5, 1, ECO332H1
ECO434H5, 1, ECO462H1
ECO435H5, 0, 
ECO436H5, 0, 
ECO439H5, 2, ECO439Y5, ECO433H1
ECO440H5, 0, 
ECO456H5, 1, ECO356H5
ECO460H5, 1, ECO460Y5
ECO461H5, 1, ECO460Y5
ECO463H5, 0, 
ECO475H5, 3, ECO327Y5, ECO327Y1, ECO376H1
EDS100H5, 0, 
EDS200H5, 1, CTE100H5
EDS210H5, 1, CTE250H5
EDS220H5, 1, CTE200H5
EDS250H5, 0, 
EDS275H5, 0, 
EDS300H5, 1, EDU310H5
EDS310H5, 1, EDU320H5
EDS325H5, 3, Previous Peer Facilitated Study Group experience in courses like, FRE491H5, FRE492H5/LIN495Y5.
EDS345H5, 0, 
EDS377H5, 0, 
EDS388H5, 1, CTE388H5388Y5
ENG100H5, 0, 
ENG101H5, 0, 
ENG102H5, 0, 
ENG105H5, 1, ENG140Y5
ENG110H5, 1, ENG110Y5
ENG121H5, 1, ENG125Y1
ENG122H5, 1, ENG125Y1
ENG140Y5, 1, ENG105H5
ENG201Y5, 1, ENG204H5
ENG202H5, 1, ENG202Y5
ENG203H5, 1, ENG203Y5
ENG204H5, 1, ENG201Y5
ENG205H5, 1, WRI305H5
ENG206H5, 0, 
ENG210Y5, 0, 
ENG211H5, 1, ENG210Y
ENG213H5, 0, 
ENG214H5, 0, 
ENG215H5, 0, 
ENG220Y5, 3, DRE221Y5, ENG223H5, DRE224H5
ENG223H5, 3, ENG220Y5, DRE221Y5, DRE224H5
ENG234H5, 0, 
ENG235H5, 0, 
ENG236H5, 0, 
ENG237H5, 0, 
ENG238H5, 0, 
ENG239H5, 0, 
ENG250Y5, 1, ENG251H5
ENG251H5, 1, ENG250Y5
ENG252Y5, 1, ENG255H5
ENG255H5, 1, ENG252Y5
ENG259H5, 0, 
ENG269H5, 1, ENG273Y1
ENG271H5, 0, 
ENG272H5, 0, 
ENG273H5, 4, ENG253Y5, ENG270Y1, ENG270Y5, ENG272H5
ENG274H5, 0, 
ENG275H5, 0, 
ENG276H5, 0, 
ENG277H5, 0, 
ENG279H5, 0, 
ENG280H5, 1, ENG267H5
ENG289H5, 0, 
ENG291H5, 0, 
ENG299Y5, 0, 
ENG300Y5, 0, 
ENG301H5, 0, 
ENG303H5, 0, 
ENG304H5, 1, ENG304Y5
ENG305H5, 1, ENG306Y5
ENG306Y5, 1, ENG305H5
ENG307H5, 0, 
ENG308Y5, 0, 
ENG311H5, 0, 
ENG312H5, 0, 
ENG313H5, 0, 
ENG314H5, 0, 
ENG315H5, 0, 
ENG316H5, 0, 
ENG320H5, 1, ENG302Y5
ENG321H5, 0, 
ENG322Y5, 0, 
ENG323H5, 0, 
ENG324Y5, 1, ENG325H5
ENG325H5, 1, ENG324Y5
ENG326H5, 0, 
ENG327H5, 0, 
ENG329H5, 0, 
ENG330H5, 0, 
ENG331H5, 1, ENG332Y5
ENG333H5, 1, ENG328Y5
ENG335H5, 1, ENG332Y5
ENG336H5, 0, 
ENG337H5, 0, 
ENG340H5, 1, ENG338Y5
ENG341H5, 1, ENG338Y5
ENG342H5, 1, ENG339H5
ENG343H5, 0, 
ENG345H5, 1, ENG347Y5
ENG349H5, 0, 
ENG350H5, 1, ENG348Y5
ENG352H5, 1, ENG223H5
ENG353Y5, 1, ENG392H5
ENG354Y5, 1, ENG393H5
ENG357H5, 0, 
ENG358H5, 0, 
ENG360H5, 0, 
ENG363Y5, 1, ENG394H5
ENG364Y5, 1, ENG395H5
ENG365H5, 0, 
ENG366H5, 0, 
ENG370H5, 0, 
ENG371H5, 0, 
ENG372H5, 0, 
ENG373H5, 0, 
ENG374H5, 0, 
ENG375H5, 0, 
ENG376H5, 0, 
ENG377H5, 0, 
ENG378H5, 0, 
ENG380H5, 1, ENG367Y5
ENG381H5, 0, 
ENG382Y5, 1, ENG366Y5
ENG383H5, 0, 
ENG384H5, 1, ENG384Y5
ENG385H5, 1, ENG308Y5
ENG386H5, 1, ENG308Y5
ENG387H5, 1, ENG322Y5
ENG390Y5, 1, ENG490Y5
ENG391Y5, 0, 
ENG392H5, 1, ENG353Y
ENG393H5, 1, ENG354Y5
ENG394H5, 1, ENG363Y5
ENG395H5, 1, ENG364Y5
ENG396H5, 0, 
ENG397H5, 0, 
ENG398H5, 0, 
ENG399Y5, 0, 
ENG414H5, 0, 
ENG415H5, 0, 
ENG416H5, 0, 
ENG424H5, 0, 
ENG425H5, 0, 
ENG426H5, 0, 
ENG434H5, 0, 
ENG435H5, 0, 
ENG436H5, 0, 
ENG460H5, 0, 
ENG461H5, 0, 
ENG462H5, 0, 
ENG463H5, 0, 
ENG470H5, 0, 
ENG471H5, 0, 
ENG472H5, 0, 
ENG473H5, 0, 
ENG489Y5, 1, ENG389Y5
ENV100Y5, 0, 
ENV201H5, 0, 
ENV205H5, 1, GGR356H1
ENV299Y5, 0, 
ENV310H5, 0, 
ENV311H5, 1, ENV345H5
ENV320H5, 0, 
ENV330H5, 0, 
ENV332H5, 1, ENV232H5
JEP351H5, 1, ENV351H5
JEP356H5, 0, 
ENV393H5, 0, 
ENV399Y5, 0, 
JEG400Y5, 2, ENV400Y5, GGR410Y5
JEG401Y5, 2, ENV400Y5, GGR410Y5
ENV425H5, 0, 
ENV430H5, 0, 
JEP452H5, 1, ENV452H5
ENV490H5, 0, 
ENV491H5, 0, 
ENV495H5, 0, 
ENV496H5, 0, 
ENV497H5, 0, 
FAH101H5, 4, FAH101H1, FAH102H1, FAH105H5, FAH202H5VPHA46
VST101H5, 4, FAH105H5, FAH202H5, FAH101H5, VST100H5
FAH205H5, 1, FAH207H1VPHB52
FAH215H5, 1, FAH102Y5/FAH261H1/FAH267H5/FAH271H5VPHB53
FAH216H5, 1, FAH102Y5/FAH261H1/FAH267H5/FAH271H5VPHB53
FAH274H5, 2, FAH230H1, VPHB74H3
FAH275H5, 0, 
FAH279H5, 1, FAH231H1VPHB64
FAH281H5, 0, 
FAH282H5, 0, 
FAH285H5, 0, 
FAH287H5, 3, FAH208H1, FAH282H1, FAH245H1
FAH288H5, 1, FAH246H1VPHB58
FAH289H5, 1, FAH246H1VPHB58
FAH290H5, 0, 
FAH291H5, 2, FAH252H5, FAH391H5
FAH292H5, 3, FAH248H5, : Canadian Painting 1665-1960 f/merly FAH286H1, VPHB60H3: Canadian Visual Art
FAH295H5, 0, 
FAH299Y5, 0, 
FAH301H5, 0, 
FAH310H5, 2, VPSB73, VIS320H1
FAH322H5, 0, 
FAH329H5, 0, 
FAH332H5, 0, 
FAH337H5, 2, FAH316H1, FAH327H1
FAH343H5, 1, FAH316H1
FAH351H5, 1, FAH328H1VPHC42
FAH353H5, 1, FAH352H5
FAH356H5, 0, 
FAH360H5, 0, 
FAH375H5, 0, 
FAH380H5, 0, 
FAH385H5, 4, FAH364H1, FAH365H1, FAH392H5, - Topic: Contemp/ary South Asian Art
FAH388H5, 1, FAH351H1
FAH390H5, 0, 
FAH392H5, 0, 
FAH393H5, 0, 
FAH394H5, 0, 
FAH395H5, 0, 
FAH396H5, 0, 
FAH399Y5, 1, FAH299Y5
VST410H5, 0, 
FAH415H5, 0, 
FAH423H5, 0, 
FAH424H5, 1, None
FAH434H5, 0, 
FAH435H5, 1, FAH425H1
FAH441H5, 1, FAH439H1
FAH449H5, 0, 
FAH451H5, 2, FAH480H, VIS320H5
FAH453H5, 0, 
FAH454H5, 0, 
FAH455H5, 1, None
FAH457H5, 0, 
FAH460H5, 0, 
FAH465H5, 0, 
FAH470H5, 0, 
FAH472H5, 0, 
FAH475H5, 0, 
FAH479H5, 0, 
FAH480H5, 0, 
FAH481H5, 0, 
FAH482H5, 0, 
FAH483H5, 0, 
FAH484H5, 0, 
FAH485H5, 0, 
FAH486H5, 0, 
FAH487H5, 0, 
FAH488H5, 0, 
FAH489H5, 0, 
FAH490H5, 1, None. Although equivalent courses are on the books at St. Ge/ge it is highly unlikely that a topics course would have any significant overlap.
FAH491H5, 1, None. Although equivalent courses are on the books at St. Ge/ge it is highly unlikely that a topics course would have any significant overlap.
FAH492H5, 0, 
FAH493H5, 1, None. Although equivalent courses are on the books at St. Ge/ge it is highly unlikely that a topics course would have any significant overlap.
FAH494H5, 1, None. Although equivalent courses are on the books at St. Ge/ge it is highly unlikely that a topics course would have any significant overlap.
FAH495H5, 0, 
FAH496H5, 0, 
FAH498H5, 0, 
FAS143H5, 1, VIS205H1VPSA70
FAS145H5, 2, FAS230Y1, VIS201H1VPSA61
FAS147H5, 1, VIS217H1VIS218HVPSB67
FAS232H5, 1, VIS203H1303H1
FAS234H5, 3, VIS206H1, VIS207H1, VIS309H1
FAS236H5, 1, FAS146H5
FAS243H5, 2, VIS205H1, VIS211H1305H1VPSB74
FAS245H5, 3, FAS230Y1, VIS201H1, VIS301H1VPSB62
FAS246H5, 0, 
FAS247H5, 1, VIS318H1VPSB75
FAS248H5, 2, VIS204H1, VIS306H1VPSA71
FAS258H5, 1, VIS204H1
FAS330Y5, 0, 
FAS334Y5, 1, VIS309H1
FAS343Y5, 1, VIS305H1VPSC55
FAS345Y5, 1, VIS305H1VPSC54
FAS346Y5, 0, 
FAS347Y5, 1, VIS318H1
FAS348Y5, 1, VIS306HVPSB63
FAS349Y5, 0, 
FAS359Y5, 1, VIS302H1
FAS369Y5, 1, VIS303H1
FAS434Y5, 1, VIS311H1401H1402H1403H1404H1
FAS443Y5, 1, VIS305H1
FAS445Y5, 1, VIS401H1402H1403H1404H1
FAS446Y5, 0, 
FAS447Y5, 1, VIS401H1402H1403H1404H1
FAS448Y5, 1, VIS401H1402H1403H1404H1
FAS450Y5, 1, VIS311H1401H1402H1403H1404H1
FAS451H5, 1, VIS311H1401H1402H1403H1404H1
FAS452H5, 1, VIS311H1401H1402H1403H1404H1
FAS453H5, 0, 
FAS454H5, 0, 
FAS455H5, 1, None
FSC100H5, 0, 
FSC101H5, 1, FSC239Y5
FSC210H5, 0, 
FSC220H5, 0, 
FSC239Y5, 0, 
FSC271H5, 0, 
FSC300H5, 0, 
FSC302H5, 0, 
FSC303H5, 2, FSC300H5, FSC302H5
FSC307H5, 0, 
FSC315H5, 0, 
FSC316H5, 0, 
FSC320H5, 0, 
FSC330H5, 0, 
FSC340H5, 0, 
PSY344H5, 1, PSYC39H3
FSC350H5, 0, 
FSC360H5, 0, 
FSC370H5, 0, 
FSC371H5, 0, 
FSC399Y5, 0, 
FSC401H5, 0, 
FSC402H5, 0, 
FSC403H5, 0, 
FSC406H5, 0, 
FSC407H5, 0, 
FSC415H5, 0, 
FSC416H5, 1, EEB459H1
FSC420H5, 0, 
FSC430H5, 0, 
FSC481Y5, 2, FSC482H5, FSC483H5
FSC482H5, 1, FSC481Y5
FSC483H5, 2, FSC481Y5, FSC489Y5
FSC489H5, 0, 
FSL105H5, 1, FSL100H1 / higher. Not open to students who have previously studied French.
FSL106H5, 1, Grade 11 C/e French / higher/FSL102H1/All grade levels in French Immersion/Extended French/French Secondary Schools.
FRE180H5, 5, FRE180Y5, FSL221Y1, FSL305Y5., Not open to native speakers of French, graduates of Extended French / French immersion programs.
FRE181H5, 4, FSL221Y1, FSL305Y5, . Not open to native speakers of French, graduates of Extended French / French immersion programs.
FSL205Y5, 2, Grade 12 C/e French/FSL121Y1, FSL205H5/All grade levels in French Immersion/Extended French/French Secondary Schools.
FRE225Y5, 2, LTL225Y5, LTL227H5.
FRE240H5, 1, FRE240Y5
FRE241H5, 1, FRE240Y5
FRE272Y5, 0, 
FRE280Y5, 3, FSL280Y5, FSL331Y1, FSL341Y1 / higher.
FRE283H5, 2, Native / near native French speakers., FRE383H5.
FRE299Y5, 0, 
FSL305Y5, 6, FRE180H5, FRE181H5, FSL221Y1, FSL305H5, FSL306H5, . All grade levels in French Immersion/Extended French/French Secondary Schools.
FRE312H5, 1, FRE310Y5
FRE315Y5, 0, 
FRE316H5, 0, 
FRE325H5, 0, 
FRE340H5, 0, 
FRE342H5, 1, HIS342H5
FRE345H5, 0, 
FRE352H5, 0, 
FRE353H5, 0, 
FRE355H5, 0, 
FRE356H5, 0, 
FRE357H5, 0, 
FRE363H5, 0, 
FRE364H5, 1, FRE364Y5
FRE369H5, 0, 
FRE370H5, 0, 
FRE372H5, 1, FRE373Y5
FRE373H5, 1, FRE373Y5.
FRE376H5, 0, 
FRE378H5, 0, 
FRE380H5, 0, 
LTL380H5, 2, FGI380H5, LIN380H5
FRE382H5, 1, FSL382H5/FSL442H1. Not open to francophones// holders of the French baccalaureat but contingent on the results of the French language placement test.
FRE383H5, 3, FSL383H5, FSL443H1, high school French / international Baccalaureate.
FRE387H5, 0, 
FRE388H5, 0, 
FRE391H5, 3, FRE392H5, FRE390H5, FRC391H5
FRE393H5, 2, FRE394H5, FRC393H5
FRE397H5, 3, FRE396H5, FRE395H5, FRC397H5
FRE399Y5, 0, 
FRE400H5, 0, 
FSL405H5, 10, FSL385H5, FSL386H5, FSL331Y1, FSL321Y1, FRE180H5, FRE181H5, FRE280Y5, FRE283H5, FRE383H5, . Not open to francophones// holders of the French / international baccalauréat but contingent on the results of the Placement Test.
FSL406H5, 10, FSL385H5, FSL386H5, FSL331Y1, FSL321Y1, FRE180H5, FRE181H5, FRE280Y5, FRE283H5, FRE383H5, . Not open to francophones// holders of the French / international baccalauréat but contingent on the results of the Placement Test.
FRE417H5, 1, FRE311Y5
FRE419H5, 0, 
FRE442H5, 0, 
FRE445H5, 0, 
FRE446H5, 0, 
FRE454H5, 2, LIN374H5, FRE374H5
LTL456H5, 2, FGI456H5, LIN456H5
FSL466H5, 1, FSL366H5
FRE467H5, 1, FRE426Y5
FRE468H5, 1, FRE426Y5
FRE476H5, 0, 
FRE482H5, 1, FSL482H5
LTL486H5, 1, LIN486H5
LTL487H5, 2, FGI417H5, LIN417H5
LTL488H5, 0, 
FRE489H5, 0, 
FRE490Y5, 0, 
FRE491H5, 0, 
FRE492H5, 0, 
GGR111H5, 1, GGR117Y5
GGR112H5, 1, GGR117Y5
HHS200H5, 0, 
GGR201H5, 1, GGR201H1
GGR202H5, 2, GGR228Y5, GGR246H1
GGR207H5, 4, GGR124H1, combination of any of the following two:GGRA03H3, GGRB05H3, GGRC10H3
GGR208H5, 4, GGR255H5, GGR323H1, GGR320H1, GGRC02H3
GGR209H5, 4, GGR220H1, GGR221H1, GGRA02H3, GGRC27H3
GGR210H5, 0, 
GGR214H5, 0, 
GGR217H5, 0, 
GGR227H5, 0, 
GGR252H5, 1, GGR252H1
GGR265H5, 0, 
GGR267H5, 1, GGR367H5
GGR272H5, 1, GGR272H1
GGR276H5, 1, GGR270H1
GGR277H5, 2, GGR271H1, GGRC31H3
GGR278H5, 0, 
GGR288H5, 1, GGR334H1
GGR300H5, 0, 
GGR304H5, 0, 
GGR305H5, 1, GGR305H1
GGR307H5, 0, 
GGR309H5, 0, 
GGR311H5, 0, 
GGR313H5, 1, GGR327H1
GGR315H5, 0, 
GGR316H5, 0, 
GGR317H5, 0, 
GGR318H5, 0, 
GGR321H5, 0, 
GGR322H5, 0, 
GGR325H5, 2, GGR326H1, GGR378H1
GGR329H5, 0, 
GGR333H5, 0, 
GGR335H5, 0, 
GGR337H5, 1, GGR337H1
GGR338H5, 0, 
GGR348H5, 0, 
GGR349H5, 1, GGR339H1
GGR353H5, 2, GGR450H1, GGR451H1
GGR361H5, 1, JGI346H1
GGR362H5, 0, 
GGR363H5, 0, 
GGR365H5, 0, 
GGR370H5, 0, 
GGR372H5, 0, 
GGR374H5, 0, 
GGR375H5, 0, 
GGR376H5, 0, 
GGR377H5, 1, ENV377H5
GGR378H5, 0, 
GGR379H5, 0, 
GGR383H5, 0, 
GGR384H5, 0, 
GGR385H5, 0, 
GGR387H5, 2, GGR329H1, GGRC29H3
GGR389H5, 1, GGR382H1
GGR393H5, 0, 
GGR399Y5, 0, 
GGR404H5, 0, 
GGR406H5, 0, 
GGR407H5, 0, 
GGR415H5, 0, 
GGR417Y5, 0, 
GGR418H5, 1, GGR439H1
GGR419H5, 0, 
GGR420H5, 1, none
GGR426H5, 0, 
GGR437H5, 0, 
GGR440H5, 0, 
GGR461H5, 0, 
GGR463H5, 0, 
GGR479H5, 0, 
GGR484H5, 0, 
GGR488H5, 0, 
GGR489H5, 0, 
GGR494H5, 0, 
GGR497H5, 0, 
GGR498H5, 0, 
HIS101H5, 0, 
HIS200H5, 0, 
HIS201H5, 2, HIS201Y5, NMC201Y1
HIS203H5, 0, 
HIS204H5, 0, 
HIS210H5, 0, 
HIS211H5, 0, 
HIS212H5, 0, 
HIS213H5, 0, 
HIS214H5, 0, 
HIS221H5, 2, May not be taken with / after, HIS220Y5.
HIS222H5, 0, 
HIS230H5, 0, 
HIS236H5, 1, HIS236Y5/ HIS239H1
HIS241H5, 3, EUR200Y5, FGI200Y5, HIS241H1
HIS242H5, 3, EUR200Y5, FGI200Y5, HIS242H1
HIS250H5, 1, HIS250Y1
HIS261H5, 3, HIS263Y1, May not be taken with / after, HIS263Y5.
HIS263Y5, 1, HIS262Y5/HIS262H5/HIS263H5
HIS271H5, 2, HIS271Y1, HIS272Y5
HIS272H5, 2, HIS272Y5, HIS271Y1
HIS282H5, 3, HIS282Y1, HIS285Y1, HISB57H3
HIS284H5, 2, EAS204Y1, HIS107Y1
HIS285H5, 1, HIS381H5
HIS290H5, 2, HIS291H1, HIS292H1
HIS295H5, 1, HIS295Y1
HIS299Y5, 0, 
HIS300H5, 0, 
HIS306H5, 2, HIS401H1, HIS401Y1
HIS307H5, 0, 
HIS308H5, 0, 
HIS309H5, 0, 
HIS310H5, 0, 
HIS311H5, 2, HIS311Y1, HISC46H3
HIS312H5, 2, HIS312H1, HISC45H3
HIS313H5, 2, HIS313Y5, HIS313Y1
HIS314H5, 2, HIS313Y5, HIS313Y1
HIS315H5, 0, 
HIS318H5, 2, HIS318Y5, HIS318Y1
HIS319H5, 2, HIS318Y5, HIS318Y1
HIS321H5, 1, HIS413H5
HIS323H5, 0, 
HIS325H5, 0, 
HIS326Y5, 0, 
HIS327Y5, 1, HIS424Y1
HIS330H5, 0, 
HIS338H5, 2, HIS361H1, HIS338H1
HIS339H5, 0, 
HIS340H5, 2, RLG346H5, HIS309H1
HIS342H5, 1, FRE342H5
HIS351H5, 1, HIS351Y1
HIS357H5, 1, HIS357Y5
HIS358H5, 1, HISB41H3
HIS364H5, 0, 
HIS366H5, 0, 
HIS367H5, 1, HIS266H5
HIS368H5, 0, 
HIS369H5, 1, HIS366H1
HIS370H5, 0, 
HIS371H5, 2, HIS391Y1, HISC70H3
HIS372H5, 2, HIS372H1, HISD36H3
HIS373H5, 0, 
HIS374H5, 0, 
HIS378H5, 0, 
HIS382H5, 0, 
HIS384H5, 1, HIS307H1
HIS385H5, 0, 
HIS386H5, 2, HIS282Y5, HIS481H5
HIS387H5, 0, 
HIS388H5, 0, 
HIS389H5, 1, HIS382H5
HIS390H5, 0, 
HIS391H5, 0, 
HIS392H5, 0, 
HIS393H5, 1, HIS384Y1
HIS394H5, 0, 
HIS395H5, 0, 
HIS396H5, 0, 
HIS397H5, 0, 
HIS399Y5, 0, 
HIS402H5, 0, 
HIS403H5, 0, 
HIS407H5, 1, HIS407Y1
HIS409H5, 0, 
HIS410H5, 0, 
HIS416H5, 0, 
HIS420H5, 0, 
HIS425H5, 0, 
HIS431H5, 0, 
HIS435H5, 0, 
HIS438H5, 0, 
HIS440H5, 0, 
HIS448H5, 0, 
HIS452H5, 0, 
HIS454H5, 1, HIS441H1
HIS461H5, 0, 
HIS462H5, 0, 
HIS463H5, 0, 
HIS475H5, 0, 
HIS479H5, 1, HIS479Y5
HIS483H5, 0, 
HIS484H5, 0, 
HIS486H5, 1, HIS486Y5
HIS487H5, 0, 
HIS490H5, 0, 
HIS492H5, 0, 
HIS493H5, 0, 
HIS494H5, 0, 
HIS495H5, 0, 
HIS497Y5, 0, 
HIS498Y5, 0, 
HIS499H5, 0, 
HIS499Y5, 0, 
RLG101H5, 1, RLG101Y1
RLG201H5, 0, 
RLG202H5, 1, RLG202Y1
RLG203H5, 1, RLG203Y1
RLG204H5, 1, RLG204Y1
RLG205H5, 0, 
RLG206H5, 1, RLG206Y1
RLG207H5, 0, 
RLG208H5, 0, 
RLG209H5, 0, 
RLG210H5, 1, RLG205H1
RLG211H5, 0, 
RLG299Y5, 0, 
RLG301H5, 0, 
RLG302H5, 0, 
RLG303H5, 0, 
RLG304H5, 0, 
RLG305H5, 0, 
RLG306H5, 0, 
RLG307H5, 0, 
RLG308H5, 0, 
RLG309H5, 2, RLG303H5, RLG205H5
RLG310H5, 0, 
RLG312Y5, 0, 
RLG313H5, 0, 
RLG314H5, 0, 
RLG315H5, 0, 
RLG316H5, 0, 
RLG317H5, 0, 
RLG318H5, 0, 
RLG323H5, 1, RLG323H1
RLG324H5, 1, RLG324H1
RLG325H5, 0, 
RLG326H5, 0, 
RLG330H5, 0, 
RLG331H5, 0, 
RLG332H5, 1, RLG232H1
RLG333H5, 0, 
RLG337H5, 0, 
RLG340H5, 0, 
RLG346H5, 1, HIS340H5
RLG347H5, 1, RLG381H5
RLG348H5, 0, 
RLG349H5, 0, 
RLG350H5, 0, 
RLG351H5, 0, 
RLG352H5, 1, RLG250H5
RLG356H5, 0, 
RLG357H5, 0, 
RLG358H5, 0, 
RLG359H5, 0, 
RLG360H5, 0, 
RLG361H5, 0, 
RLG362H5, 0, 
RLG365H5, 0, 
RLG366H5, 0, 
RLG370H5, 0, 
RLG371H5, 1, RLG371H1
RLG373H5, 2, RLG273H5, RLG273Y5
RLG374H5, 0, 
RLG378H5, 1, RLG307H1
RLG380H5, 1, RLG280H5/RLG280Y5
RLG381H5, 0, 
RLG382H5, 0, 
RLG388H5, 0, 
RLG399Y5, 0, 
RLG401H5, 0, 
RLG411H5, 0, 
RLG412H5, 0, 
RLG415H5, 0, 
RLG420H5, 0, 
RLG421H5, 0, 
RLG422H5, 0, 
RLG430H5, 0, 
RLG435H5, 0, 
RLG440H5, 0, 
RLG445H5, 0, 
RLG449H5, 0, 
RLG450H5, 0, 
RLG451Y5, 0, 
RLG452H5, 0, 
RLG453H5, 0, 
RLG460H5, 0, 
RLG461H5, 0, 
RLG462H5, 0, 
RLG463H5, 0, 
RLG464H5, 0, 
RLG465H5, 0, 
RLG466H5, 0, 
RLG470H5, 0, 
RLG497Y5, 0, 
RLG499H5, 0, 
RLG499Y5, 0, 
IMI201H5, 0, 
IMI202H5, 0, 
IMI203H5, 0, 
IMI301H5, 0, 
IMI302H5, 0, 
IMI303H5, 0, 
IMI400H5, 1, MGT494H5
ITA100Y5, 3, Previous schooling in Italian, ITA100Y1, 101H5/102HT / permission of department.
ITA101Y5, 1, OAC Italian/ITA100Y5/101H5/102H5/ higher/ITA101Y1 / higher.
ITA102H5, 1, Pri/ knowledge of Italian.
ITA103H5, 0, 
ITA200Y5, 1, ITA201Y5.
ITA201Y5, 1, ITA200Y5/251Y1 / higher.
ITA219Y5, 0, 
ITA221H5, 2, ITA221Y5, ITA220Y5.
ITA222H5, 1, ITA220Y5/ITA221Y
ITA227H5, 3, LTL225Y5, FRE225Y5, LTL227H5
ITA231H5, 1, ITA229Y5230Y5
ITA232H5, 1, ITA229Y5230Y5
ITA235H5, 1, ITA234H5
ITA237H5, 3, ITA234Y5, ITA235Y5, ITA236H5
ITA238H5, 3, ITA234Y5, ITA235Y5, ITA239H5
ITA242H5, 10, ITA241H5, ITA242Y5, ITA243Y5, ITA240Y1, ITA340H1, ITA341H1, ITA342H1, ITA345H1, ITA347H1, ITA441H1
ITA246H5, 10, ITA245H5, ITA246Y5, ITA247Y5, ITA240Y1, ITA340H1, ITA341H1, ITA342H1, ITA345H1, ITA347H1, ITA441H1
ITA247H5, 10, ITA248H5, ITA246Y5, ITA247Y5, ITA240Y1, ITA340H1, ITA341H1, ITA342H1, ITA345H1, ITA347H1, ITA441H1
ITA255Y5, 2, ITA231H1, ITA445H1
ITA272H5, 2, ITA360H1, ITA363H1
ITA299Y5, 0, 
ITA307H5, 1, ITA306H5
ITA309H5, 1, ITA310H5
ITA311H5, 1, ITA312H5
ITA313H5, 7, ITA240Y1, ITA340H1, ITA341H1, ITA342H1, ITA345H1, ITA347H1, ITA441H1.
ITA315Y5, 1, ITA314Y5
ITA342H5, 3, ITA342Y5, ITA343Y5, ITA341H5.
ITA343H5, 2, ITA342Y5/ITA343Y5, ITA344H5
ITA350Y5, 0, 
ITA354Y5, 0, 
ITA370Y5, 1, ITA370H5
ITA371Y5, 0, 
ITA373H5, 2, ITA363H5, ITA360H1
ITA374H5, 1, ITA375Y5
ITA375H5, 1, ITA375Y5
ITA376H5, 0, 
ITA388H5, 4, CTE388H5, CTE388Y5, EDS388H5, ITA400Y5
ITA390H5, 1, ITA395H5397Y5398Y5
ITA391H5, 1, ITA390Y5
ITA392H5, 0, 
ITA399Y5, 0, 
ITA400Y5, 0, 
ITA413Y5, 3, ITA312Y5, ITA313Y5, ITA412Y5.
ITA420Y5, 0, 
ITA436Y5, 0, 
ITA437Y5, 0, 
ITA450H5, 1, ITA450H1
ITA451H5, 0, 
ITA490Y5, 2, ITA495Y5, in the same year
ITA491H5, 0, 
ITA491Y5, 0, 
ITA492H5, 0, 
ITA493H5, 0, 
ITA494H5, 0, 
ITA495Y5, 2, ITA490Y5, in the same year
ITA496Y5, 0, 
ITA497H5, 0, 
ITA498H5, 0, 
GER100Y5, 1, Grade 12U German LWG4U/LWA4U/ equivalent/GER101H5
SPA100Y5, 3, SPA100Y1/Grade 12 Spanish / equivalent knowledge of Spanish, LGGA30H3, LGGA31H3.
LAT100Y5, 5, LAT150H5, LAT151H5, LAT100Y1, LAT101H1, LAT102H1. Students who have studied Latin previously must obtain permission from the Department of Language Studies bef/e enrolling.
GER101H5, 1, Grade 12U German LWG4U/LWA4U/ equivalent /GER100Y5
CHI101H5, 4, CHI100Y5, CHI101Y5, EAS100Y1, EAS101Y1LGG60H3LGG61H3
CHI103H5, 3, CHI100Y5, EAS100Y1/EAS101Y1/LGGA60H3, LGGA61H3.
CHI104H5, 3, CHI100Y5, EAS100Y1/EAS101Y1/LGGA60H3, LGGA61H3
GER150H5, 0, 
LAT200Y5, 2, LAT201H1, LAT202H1
FGI200Y5, 2, HIS241H5242H5, EUR200Y5
GER200Y5, 1, GER200H1/201H1202Y5
CHI201H5, 11, CHI200Y5, CHI201Y5, CHI202H5, EAS200Y1, EAS201H1, LGGB60H3, LGGB61H3, LGGB62H3, LGGB63H3, LGGB64H3, LGGB65H3
CHI202H5, 10, CHI200Y5, CHI201Y5, EAS200Y1, EAS201H1, LGGB60H3, LGGB61H3, LGGB62H3, LGGB63H3, LGGB64H3, LGGB65H3
CHI203H5, 11, CHI200Y5, CHI201H5, CHI202H5, EAS200Y1, EAS201H1, LGGB60H3, LGGB61H3, LGGB62H3, LGGB63H3, LGGB64H3, LGGB65H3
GER204H5, 0, 
CHI204H5, 10, CHI200Y5, CHI201H5, EAS200Y1, EAS201H1, LGGB60H3, LGGB61H3, LGGB62H3, LGGB63H3, LGGB64H3, LGGB65H3
GER205H5, 1, GER204Y5204H1275H5
ARA210H5, 0, 
PRS210H5, 2, PRS210Y5, NML260Y1.
ARA211H5, 1, ARA211Y5
PRS211H5, 2, PRS210Y5, NML260Y1.
HIN211H5, 3, HIN212Y5, LGGA70H3, LGGA71H3
ARA212Y5, 7, ARA210H5, ARA211H5, ARA211Y5, LGGA40H3, LGGA41H3, NMC210Y1/NML210Y1 / higher, native speakers.
URD212Y5, 0, 
HIN212H5, 3, HIN212Y5, LGGA70H3, LGGA71H3
SPA219Y5, 5, SPA100Y5, SPA219Y1, SPA220Y5, SPA320Y5, SPA319Y1
SPA220Y5, 2, SPA220Y1, SPA319Y1 / higher
SPA235H5, 0, 
SPA259H5, 2, SPA323Y1, SPA323H1
SPA275H5, 1, SPA375H1
SAN291Y5, 5, SAN390H5, SAN391H5, RLG260Y1, RLG260H1, RLG263H1
GER299Y5, 0, 
GER300Y5, 1, GER300H5301H5
CHI301H5, 5, CHI301Y5, EAS300Y1, EAS290Y1, LGGC60H3, LGGC61H3.
CHI302H5, 5, CHI301Y5, EAS300Y1, EAS290Y1, LGGC60H3, LGGC61H3.
GER303H5, 0, 
GER305H5, 1, GER304H5
CHI308H5, 0, 
PRS310H5, 1, PRS310Y5
CHI310H5, 0, 
PRS311H5, 1, PRS310Y5
HIN311H5, 0, 
CHI311H5, 3, EAS358YEAS206YEAS306Y, LGGC66H3, LGGC67H3
ARA311H5, 0, 
HIN312H5, 1, HIN312Y5
URD312Y5, 0, 
ARA312Y5, 4, Native users/NMC310Y1/NML310Y1/LGGC42H3, LGGC43H3, ARA211H5, ARA311H5
HIN313H5, 1, HIN312Y5
GER320H5, 0, 
SPA320Y5, 2, SPA320Y1, SPA319Y1
SPA323H5, 2, SPA323Y1, SPA323H1
GER325H5, 0, 
GER330H5, 0, 
GER335H5, 0, 
GER351H5, 0, 
GER353H5, 1, GER351H5352H5
GER354H5, 1, GER351H5352H5
GER355H5, 1, GER355Y5
GER370H5, 0, 
GER371H5, 0, 
SAN392Y5, 4, SAN390H5, SAN391H5, RLG359H1, RLG360H1
CHI408H5, 0, 
CHI409H5, 0, 
CHI410H5, 2, EAS284H/ EAS284Y, LGGC64/LGGC65
ARA410H5, 0, 
CHI411H5, 1, ECTB61H3
HIN411H5, 0, 
ARA411H5, 0, 
HIN412Y5, 0, 
ARA412Y5, 1, NML410Y1
GER450H5, 0, 
GER475H5, 0, 
GER490H5, 0, 
LIN101H5, 4, LIN100Y5, LIN100Y1, LINA01H3, LINA02H3.
LIN102H5, 4, LIN100Y5, LIN100Y1, LINA01H3, LINA02H3.
LIN200H5, 7, LIN100Y5, LIN101H5, LIN102H5, LIN100Y1, LINA01H3, LINA02H3, LIN200H1.
LIN204H5, 2, LIN204H1, LINB18H3
LIN205H5, 0, 
LIN228H5, 2, LIN228H1, LINB09H3
LIN229H5, 2, LIN229H1, LINB04H3.
LIN231H5, 2, LIN231H1, LINB10H3
LIN232H5, 2, LIN232H1, LINB06H3
LIN233H5, 3, LGGB18H3, LIN203H1, LIN203H5
LIN237H5, 3, LIN241H1, LINC12H3, LIN247H5
JAL253H5, 2, JAL251H1, LINB20H3
LIN256H5, 2, LINB20H3, LIN251H1.
LIN271Y5, 1, SAN291Y5
LIN279Y5, 0, 
LIN288H5, 4, PSY374H5, PLIC55H3, JLP374H1, LIN258H5
LIN299Y5, 0, 
LIN310H5, 0, 
LIN311H5, 1, LIN211H5
LIN318H5, 1, LIN368H5
LIN325H5, 1, LIN335H5
LIN327H5, 1, PLID50H3
LIN328H5, 1, LIN323H1
LIN329H5, 3, LIN322H1, LINC02H3, LIN322H5
LIN332H5, 3, LIN331H1, LINC11H3, LIN331H5
LIN337H5, 0, 
LIN338H5, 0, 
LIN340H5, 2, CSC485H1, CSC401H1
LIN353H5, 2, JAL353H5, JAL353H1
JAL355H5, 3, JAL355H1, LINC28H3, WSTC28H3
LIN357H5, 0, 
LIN360H5, 1, LIN362H1
LIN366H5, 0, 
LIN369H5, 1, LIN376H5
LIN380H5, 1, FGI380H5/LTL380H5
LIN385H5, 1, LIN356H5
LIN388H5, 1, LIN358H5
LIN399Y5, 0, 
LIN410H5, 0, 
LIN411H5, 2, LIN481H1, LIN481H5
LIN418H5, 1, LIN468H5
LIN421H5, 0, 
LIN441H5, 0, 
LIN447H5, 1, LIN477H5
LIN454H5, 3, FRE374H5, LIN374H5, FRE474H5LIN474
LIN456H5, 1, FGI456H5/LTL456H5
LIN458H5, 1, LIN456H1
LIN460H5, 0, 
LIN466H5, 0, 
LIN469H5, 0, 
LIN476H5, 1, LIN406H5
LIN479H5, 3, LIN409H1, LIN409H5, LINC61H3 if the same language was analyzed.
LIN486H5, 1, LTL486H5
LIN487H5, 2, LTL417H5, LIN417H5
LIN495Y5, 0, 
LIN496H5, 0, 
LIN498H5, 0, 
MGM101H5, 5, MGTA02Y3, MGTA01H3, MGTA03H3, MGTA05H3, RSM100Y1
MGM102H5, 4, MGTA02H3, MGTA02Y3, MGTA04H3, RSM100Y1
MGM221H5, 4, MGT120H5, MGT201H1, MGAB01H3, RSM219H1
MGM222H5, 3, MGT223H5, RSM222H1, MGAB03H3
MGM230H5, 4, CCT321H5, MGT338H5, RSM332H1, MGFB10H3
MGM301H5, 2, MGM200H5, MGOC10H3
MGM320H5, 4, MGT224H5, MGT322H5, RSM221H1, MGAC01H3.
MGM332H5, 4, MGT338H5, MGT339H5, RSM333H1, MGFC10H3
MGM360H5, 0, 
MGM364H5, 3, ECO244Y5, IRE244H1, MGHC53H3
MGM365H5, 1, IRE346H1
MGM390H5, 5, MGM290H5, MGT393H5, MGT394H5, RSM225H1, MGSC32H3.
MGM400H5, 2, MGT400H5, MGT492H5
MGM464H5, 0, 
MGM465H5, 2, IRE378H1, MGHD24H3
MGM466H5, 2, IRE347H1, MGHD26H3
MGT120H5, 4, MGM221H5, MGT201H1, MGAB01H3, RSM219H1
MGT130H5, 0, 
MGT200H5, 0, 
MGT201H5, 0, 
MGT220H5, 2, RSM220H1, MGAB02H3
MGT223H5, 2, RSM222H1, MGAB03H3
MGT224H5, 2, RSM221H1, MGAC01H3
MGT238H5, 4, ACT349H1, ECO358H5, ECO359H5, RSM230H1
MGT252H5, 4, CCT322H5, MGM252H5, RSM250H1, MGIA01H3
MGT260H5, 3, MGIB12H3, MGT460H5, RSM361H1
MGT262H5, 8, CCT324H5, ERI260H5, IRE260H1, MGM300H5, MGIB02H3, PSY332H1, RSM260H1, WDW260H1
MGT299Y5, 1, MGT399Y5
MGT320H5, 0, 
MGT321H5, 1, RSM323H1
MGT322H5, 2, RSM320H1, MGAC02H3
MGT323H5, 2, RSM322H1, MGAC03H3
MGT330H5, 2, RSM330H1, MGFD10H3
MGT336H5, 0, 
MGT338H5, 5, CCT321H5, ECO358H5, ECO358H1, RSM332H1, MGFB10H3
MGT339H5, 4, CCT321H5, ECO359H5, RSM333H1, MGFC10H3
MGT353H5, 1, RSM251H1
MGT354H5, 1, RSM353H1
MGT355H5, 1, RSM455H1
MGT363H5, 1, WDW260H1
MGT371H5, 4, CCT225H5, MGM371H5, MGAC70H3, RSM327H1
MGT374H5, 2, MGOC20H3, RSM270H1
MGT393H5, 3, MGM290H5, MGSC30H3, RSM225H1
MGT394H5, 2, MGSC32H3, RSM325H1
MGT399Y5, 2, MGT299Y5, MGM299Y5
MGT401H5, 0, 
MGT402H5, 0, 
MGT411H5, 0, 
MGT412H5, 0, 
MGT414H5, 0, 
MGT415H5, 0, 
MGT416H5, 0, 
MGT417H5, 0, 
MGT420H5, 2, RSM426H1, MGAD70H3
MGT421H5, 1, RSM423H1
MGT422H5, 1, RSM427H1
MGT423H5, 2, MGAC50H3, RSM324H1
MGT426H5, 1, RSM321H1
MGT428H5, 2, MGAD40H3, RSM422H1
MGT429H5, 2, MGAC60H3, RSM424H1
MGT430H5, 1, MGFD40H3
MGT431H5, 1, RSM433H1
MGT433H5, 0, 
MGT434H5, 2, MGFD60H3, RSM433H1
MGT435H5, 2, MGFD60H3, RSM434H1
MGT436H5, 0, 
MGT437H5, 0, 
MGT438H5, 2, MGFC30H3, RSM435H1
MGT439H5, 2, MGFC50H3, RSM437H1
MGT440H5, 0, 
MGT441H5, 0, 
MGT452H5, 0, 
MGT453H5, 1, MGMC01H3
MGT454H5, 0, 
MGT455H5, 1, MGMD01H3
MGT456H5, 0, 
MGT457H5, 0, 
MGT458H5, 1, RSM456H1
MGT461H5, 2, MGHC52H3, RSM461H1
MGT463H5, 0, 
MGT467H5, 0, 
MGT480H5, 0, 
MGT491H5, 1, RSM490H1
MGT492H5, 3, MGM400H5, MGSC01H3, RSM392H1
MGT493H5, 1, RSM493H1
MGT494H5, 0, 
MAT100H5, 0, 
MAT102H5, 4, MAT138H1, MAT246H1, CSC165H1, CSCA67H3
MAT132H5, 15, MAT135H5, MAT133Y5, MAT134Y5, MAT135Y5, MAT137Y5, MAT133Y1, MAT135Y1, MAT135H1, MAT137Y1, MAT157Y1, MAT157Y5, MATA29H3, MATA30H3, MATA31H3, MATA32H3
MAT133Y5, 21, MAT132H5, MAT134H5, MAT135H5, MAT136H5, MAT134Y5, MAT135Y5, MAT137Y5, MAT157Y5, MAT133Y1, MAT135Y1, MAT135H1, MAT136H1, MAT137Y1, MAY157Y1, MATA30H3, MATA31H3, MATA32H3, MATA33H3, MATA35H3, MATA36H3, MATA37H3
MAT134H5, 15, MAT133Y5, MAT134Y5, MAT135Y5, MAT137Y5, MAT133Y1, MAT135Y1, MAT136H1, MAT136H5, MAT137Y1, MAT157Y1, MAT157Y5, MATA33H3, MATA35H3, MATA36H3, MATA37H3
MAT135H5, 15, MAT132H5, MAT133Y5, MAT134Y5, MAT135Y5, MAT137Y5, MAT133Y1, MAT135Y1, MAT135H1, MAT137Y1, MAT157Y1, MAT157Y5, MATA29H3, MATA30H3, MATA31H3, MATA32H3
MAT136H5, 15, MAT133Y5, MAT134Y5, MAT135Y5, MAT137Y5, MAT133Y1, MAT135Y1, MAT136H1, MAT134H5, MAT137Y1, MAT157Y1, MAT157Y5, MATA33H3, MATA35H3, MATA36H3, MATA37H3
MAT137Y5, 21, MAT133Y5, MAT134Y5, MAT135Y5, MAT132H5, MAT134H5, MAT135H5, MAT136H5, MAT133Y1, MAT135Y1, MAT135H1, MAT136H1, MAT137Y1, MAT157Y1, MAT157Y5, MATA30H3, MATA31H3, MATA32H3, MATA33H3, MATA35H3, MATA36H3, MATA37H3
MAT157Y5, 2, MAT157Y1, MATA37H3
MAT202H5, 0, 
MAT212H5, 3, MAT244H5, MAT244H1, MATB44H3
MAT223H5, 3, MAT223H1, MAT188H1, MATA23H3
MAT224H5, 3, MAT240H5, MAT224H1, MATB24H3
MAT232H5, 6, MAT233H5, MAT235Y1, MAT237Y1, MAT257Y1, MAT257Y5, MATB41H3
MAT233H5, 6, MAT232H5, MAT235Y1, MAT237Y1, MAT257Y1, MAT257Y5, MATB41H3
MAT236H5, 5, MAT235Y1, MAT237Y1, MAT257Y1, MAT257Y5, MATB42H3
MAT240H5, 3, MAT224H5, MAT224H1, MAT240H1
MAT244H5, 3, MAT212H5, MAT244H1, MATB44H3
MAT247H5, 1, MAT247H1
MAT257Y5, 2, MAT237Y1, MAT257Y1
MAT299Y5, 0, 
MAT301H5, 2, MAT301H1, MATC01H3
MAT302H5, 2, CSC322H5, MATC16H3
MAT309H5, 3, CSC438H1, CSC309H1, MATC09H3
MAT311H5, 3, APM346H1, APM351Y1, MATC46H3
MAT315H5, 2, MAT315H1, MATC15H3
MAT332H5, 2, MAT335H1, MATC35H3
MAT334H5, 4, MAT334H1, MAT354H5, MAT354H1, MATC34H3
MAT337H5, 5, MAT337H1, MAT357H1, MATB43H3, MATC37H3, MAT378H5
MAT344H5, 2, MAT344H1, MATC44H3
MAT354H5, 4, MAT334H1, MAT334 H5, MAT354H1, MATC34H3
MAT382H5, 2, MAT329Y1, MATC82H3
MAT388H5, 0, 
MAT392H5, 1, MATC90H3
MAT401H5, 3, MAT347Y1, MAT401H1, MATD01H3
MAT402H5, 2, MAT402H1, MATD02H3
MAT405H5, 2, MAT327H1, MATC27H3
MAT406H5, 1, ECO316H1
MAT478H5, 0, 
MAT488H5, 0, 
MAT492H5, 0, 
MAT498H5, 0, 
PHL103H5, 6, PHL105Y5, PHL101H5, PHL100Y1, PHL101Y1, PHL201H1, PHLA10H3
PHL105Y5, 2, PHL100Y5, PHL101Y5
PHL113H5, 6, PHL105Y5, PHL102H5, PHL100Y1, PHL101Y1, PHL201H1, PHLA10H3
PHL200H5, 3, PHL200Y5, PHL202H5, PHLB31H3
PHL204H5, 0, 
PHL210Y5, 1, PHLB35H3
PHL220H5, 1, PHLB30H3
PHL221H5, 0, 
PHL235H5, 0, 
PHL240H5, 2, PHL342H5, PHLB81H3
PHL241H5, 0, 
PHL242H5, 0, 
PHL243H5, 1, PHLB12H3
PHL244H5, 1, PHLB91H3
PHL245H5, 1, PHLB50H3
PHL246H5, 0, 
PHL247H5, 2, PHL145H5, TRN200Y1
PHL255H5, 3, PHL252H5, PHL355H1, PHLC72H3
PHL258H5, 1, PHLB55H3
PHL265H5, 3, PHL277Y5, PHLB16H3, PHLB17H3
PHL267H5, 3, PHL277Y5, PHL367H1, PHLB13H3
PHL271H5, 1, PHLB11H3
PHL272H5, 1, PHLB15H3
PHL273H5, 1, PHLB02H3
PHL274H5, 0, 
PHL275H5, 2, PHL277Y5, PHLA11H3
PHL277Y5, 2, PHL265HPHL275, PHLB17H3
PHL282H5, 1, PHL382
PHL283H5, 3, PHL281Y1, PHL281H1, PHLB09H3
PHL284H5, 0, 
PHL285H5, 1, PHLB03H3
PHL290H5, 1, PHL319H1
PHL295H5, 1, PHLB06H3
PHL299Y5, 0, 
PHL300H5, 0, 
PHL301H5, 0, 
PHL302H5, 0, 
PHL307H5, 1, PHL309H1
PHL310H5, 4, PHL309H5, PHL310H1, PHL311H1, PHL313H5
PHL314H5, 2, PHL312H5, PHLC37H3
PHL315H5, 1, PHL317H5
PHL324H5, 1, PHL320H1321H1
PHL325H5, 1, PHLC43H3
PHL327H5, 0, 
PHL332H5, 3, PHL330Y1, PHL331H1, PHLC60H3
PHL333H5, 2, PHL330Y1, PHL332H1
PHL340H5, 0, 
PHL341H5, 0, 
PHL344H5, 1, PHLC55H3
PHL345H5, 1, PHLC51H3
PHL346H5, 0, 
PHL347H5, 0, 
PHL348H5, 4, PHL344H5, MAT309H5, CSC438H1, PHLD51H3
PHL350H5, 2, PHL351H1, PHLC80H3
PHL355H5, 1, PHL356H1
PHL357H5, 0, 
PHL358H5, 1, COG250Y1
PHL365H5, 1, PHL366H1
PHL367H5, 0, 
PHL370H5, 0, 
PHL374H5, 4, PHL375H5, PHL376H1, PHLC05H3, PHLC06H3
PHL376H5, 3, PHL375H5, PHLC05H3, PHLC06H3
PHL390H5, 1, PHL395H5
PHL400H5, 0, 
PHL410H5, 2, PHL416H5, PHL402H1
PHL420H5, 0, 
PHL430H5, 0, 
PHL440H5, 1, None
PHL451H5, 0, 
PHL475H5, 0, 
PHL489Y5, 0, 
PHL495H5, 0, 
PHL496H5, 0, 
PHL497H5, 0, 
PHL498H5, 0, 
PHL499H5, 0, 
PHY100H5, 4, Any PHY / JCP course, taken previously / concurrently, PHY100H1, PMU199Y1
PHY136H5, 5, PHY146H5, PHY131H1, PHY151H1, PHYA10H3, PHYA11H3
PHY137H5, 5, PHY147H5, PHY132H1, PHY152H1, PHYA21H3, PHYA22H3
PHY146H5, 5, PHY136H5, PHY131H1, PHY151H1, PHYA10H3, PHYA 11H3
PHY147H5, 5, PHY137H5, PHY132H1, PHY152H1, PHYA21H3, PHYA 22H3
PHY241H5, 1, PHY250H1
PHY242H5, 1, PHY252H1
PHY245H5, 1, PHY254H1
PHY255H5, 1, PHY231H1
PHY299Y5, 0, 
PHY324H5, 1, PHY327H1
PHY325H5, 0, 
PHY332H5, 1, PHY331H1
PHY333H5, 1, PHY431H1
PHY343H5, 1, PHY354H1
PHY347H5, 1, PHY385H1
PHY351H5, 1, PHY392H1
PHY399Y5, 0, 
PHY426H5, 1, PHY407H1
PHY433H5, 0, 
PHY451H5, 2, PHY350H1, PHYC50H3
PHY473H5, 0, 
PHY489Y5, 1, PHY473H5
POL111H5, 1, POL224Y1
POL112H5, 1, POLA51H3
POL113H5, 0, 
POL114H5, 1, POLA83H3
POL115H5, 0, 
POL200Y5, 0, 
POL203Y5, 3, POL 203Y1, POLC92H3, POLC93H3
POL208Y5, 3, POL 208Y1, POLB80H3, POLB81H3
POL214Y5, 3, POL100Y5110H5111H5, POL 214Y1224Y1, POLB50Y3
POL218Y5, 0, 
POL242Y5, 0, 
JPE250Y5, 3, POL250Y5, ENV250Y5, ENV320H1
JPE251H5, 4, JPE 250Y5, POL 250Y5, ENV 250Y5, ENV320H1
JPE252H5, 4, JPE 250Y5, POL 250Y5, ENV 250Y5, ENV 320H1
POL300Y5, 2, POL 300Y1, POLC42H3
POL301H5, 0, 
POL302Y5, 2, POL 207Y1, POLB93H3
POL303Y5, 4, POL300Y5, POL300Y1, POLC96H3, POLC97H3
POL304Y5, 0, 
POL305Y5, 0, 
POL305H5, 0, 
POL309Y5, 0, 
POL310Y5, 1, POLC09H3
POL316Y5, 2, POL 316Y1, POLC57H3
POL317H5, 1, POL317Y5
POL317Y5, 0, 
POL320Y5, 2, POL 320Y1, POLC73H3
POL322Y5, 0, 
POL327Y5, 3, POL 326Y1, POLC82H3, POLC83H3
POL336Y5, 1, POL336H1
POL340Y5, 1, POL 340Y1
POL343Y5, 2, POL 343Y1, POLC87H3
POL346Y5, 1, POL 349Y1
POL353Y5, 4, POL209Y5, POL 316Y, POLC57H3, POLC54H3
POL354Y5, 4, POL 204Y5, POL 204Y1, POL 354H1, POLC89H3
POL355Y5, 1, POLC58H3
POL360H5, 2, POL 305Y1, POLC91H3
POL361H5, 1, POLC91H3
POL368Y5, 2, POL 351Y1POL368H, POL 450H1
POL369Y5, 1, POL213Y
POL390H5, 0, 
POL399H5, 2, students are not allowed to take POL 399Y5, POL 399H5 concurrently
POL399Y5, 1, adding 0.5 credit 300 level ROP option to enhance experiential learning offerings f/ students now permitted by Dean's office
POL401Y5, 0, 
POL404Y5, 0, 
POL438H5, 0, 
POL438Y5, 0, 
POL440Y5, 0, 
POL443Y5, 0, 
POL446H5, 0, 
POL455Y5, 0, 
POL475H5, 0, 
POL476H5, 0, 
POL477H5, 0, 
POL478Y5, 0, 
POL484Y5, 0, 
POL485H5, 0, 
POL486Y5, 0, 
POL487H5, 0, 
POL490H5, 0, 
POL494Y5, 0, 
POL495Y5, 0, 
POL496H5, 0, 
POL499Y5, 2, students are not allowed to take POL 499Y5, POL 499H5 concurrently
POL499H5, 2, students are not allowed to take POL 499Y5, POL 499H5 concurrently
PSY100Y5, 1, PSY100H1/PSYA01H3/PSYA02H3
PSY201H5, 1, ECO220Y5/ECO227Y5/SOC300Y5/SOC350H5/STA215H5/STA218H5/STA220H5/STA256H5/STA258H5/ PSY201H1/ PSYB07H3/  STAB22H3
PSY202H5, 1, ECO220Y5/ECO227Y5/STA221H5/STA256H5/STA258H5/BIO360H5/SOC300Y5/ PSY202H1/ PSYC08H3/ STAB27H3
PSY210H5, 1, PSY210H1/PSYB20H3/PSYB21H3
PSY220H5, 1, PSY220H1/PSYB10H3
PSY230H5, 1, PSY230H1/PSYB30H3
PSY240H5, 1, PSY240H1/PSYB32H3
PSY270H5, 1, PSY270H1/PSYB57H3
PSY274H5, 0, 
PSY280H5, 1, PSY280H1/PSYB51H3
PSY290H5, 1, PSY290H1/PSYB64H3
PSY299Y5, 1, PSY299Y1
PSY299H5, 1, PSY299Y1
PSY309H5, 1, PSY309H1
PSY310H5, 0, 
PSY311H5, 1, PSY311H1/PSYC23H3
PSY312H5, 1, PSY312H1
PSY313H5, 1, PSY213H5/PSY313H1
PSY315H5, 1, JLP315H1
PSY316H5, 1, PSY316H1
PSY317H5, 1, PSY323H1
PSY318H5, 0, 
PSY319H5, 1, PSY319H1/PSYC26H3
PSY320H5, 1, PSY320H1
PSY321H5, 1, PSY321H1/PSYC14H3
PSY324H5, 1, PSY336H1
PSY325H5, 1, PSYD12H3
PSY327H5, 1, PSY424H1/PSYD11H3
PSY328H5, 1, PSY328H1/PSYC39H3
PSY329H5, 1, PSY329H1/PSYC11H3
PSY331H5, 1, PSY331H1
PSY333H5, 1, PSY333H1
PSY340H5, 1, PSY342H1/PSYB32H3
PSY341H5, 1, PSY341H1
PSY343H5, 1, PSY343H1/PSYC36H3
PSY345H5, 1, PSY442Y5
PSY346H5, 0, 
PSY351H5, 0, 
PSY352H5, 2, BIO318Y5328H5, PSY252H5
PSY353H5, 1, PSY473H1/PSYC23H3/PSYD17H3
PSY354H5, 0, 
PSY355H5, 1, PSY390H1
PSY362H5, 2, BIO320H5, PSY362H1
PSY369H5, 1, PSY369H1/PSYC06H3
PSY371H5, 1, PSY371H1
PSY372H5, 1, PSY372H1
PSY374H5, 1, JLP374H1
PSY376H5, 0, 
PSY379H5, 1, PSY379H1/PSYC58H3
PSY384H5, 0, 
PSY387H5, 1, CCT371H5/PSYC56H3
PSY391H5, 0, 
PSY392H5, 0, 
PSY393H5, 1, PSY493H1/PSYC31H3/PSYC55H3
PSY395H5, 0, 
PSY397H5, 0, 
PSY398H5, 0, 
PSY399H5, 1, PSY399Y1
PSY399Y5, 1, PSY399Y1
PSY400Y5, 1, PSY400Y1/PSYD98Y3
PSY402H5, 0, 
PSY403H5, 0, 
PSY404H5, 0, 
PSY405H5, 0, 
PSY406H5, 0, 
PSY410H5, 1, PSY410H1/PSYD22H3
PSY415H5, 1, PSY417H1
PSY420H5, 1, PSY420H1/PSYD12H3/PSYD15H3/PSYD16H3
PSY430H5, 1, PSY430H1/PSYD30H3/PSYD32H3
PSY440H5, 1, PSY440H1/PSYD33H3
PSY442Y5, 0, 
PSY471H5, 1, PSY471H1/PSYD50H3
PSY474H5, 0, 
PSY480H5, 1, PSY480H1/PSYD51H3
PSY490H5, 1, PSY490H1/PSYD66H3
PSY495H5, 0, 
PSY499H5, 0, 
SOC100H5, 8, SOC101Y5, SOC100H1, SOC101Y1, SOC102H1, SOC103H1, SOCA01H3, SOCA02H3, SOCA03Y3
SOC202H5, 3, SOC302H5, SOC280H1, SOCB58H3
SOC221H5, 5, SOC200Y5, SOC200Y1, SOC200H1, SOCB05H3, SOC150H1 + SOC204H1
SOC222H5, 3, SOC200Y5, SOC200Y1, SOC202H1
SOC224H5, 1, SOCB26H3
SOC227H5, 4, SOC207Y5, SOC207Y1, SOC207H1, SOCB54H3
SOC230H5, 0, 
SOC231H5, 3, SOC314Y5, SOC203Y1, SOC201H1
SOC236H5, 1, SOC277Y5
SOC239H5, 2, SOC243H1, SOC242Y1
SOC240H5, 0, 
SOC244H5, 4, SOC214Y5, SOC214Y1, SOC214H1, SOCB49H3
SOC253H5, 0, 
SOC263H5, 4, SOC301Y5, SOC363H5, SOC220H1, SOCB47H3
SOC275H5, 4, SOC365H5, SOC265H1, SOCB22H3, SOCC24H3
SOC299H5, 4, Students may not take, SOC299H5, SOC299Y5, concurrently.
SOC299Y5, 4, Students may not take, SOC299H5, SOC299Y5, concurrently.
SOC302H5, 2, SOC345H5, Fall 2018
SOC309H5, 1, SOC309Y5
SOC317H5, 1, SOC217H5
SOC318H5, 1, SOC363H1
SOC332H5, 0, 
SOC334H5, 2, SOC246H1, SOC245Y1
SOC335H5, 3, SOC260H1, SOCC39H3, SOCB30H3
SOC336H5, 0, 
SOC340H5, 0, 
SOC341H5, 2, SOC228H5, SOCC15H3
SOC342H5, 0, 
SOC343H5, 2, SOC205H1, SOCB44H3
SOC344H5, 1, SOC213H1
SOC345H5, 0, 
SOC347H5, 2, SOC345H5, Special Topics in Sociology: Sociology of  Masculinities Winter 2017
SOC349H5, 0, 
SOC350H5, 3, SOC300Y5, SOC300H1, SOC252H1
SOC352H5, 0, 
SOC354H5, 0, 
SOC355H5, 0, 
SOC356H5, 3, SOC312Y5, SOC312H1, SOC325H1
SOC359H5, 1, SOC365H5
SOC361H5, 1, SOC317Y1
SOC362H5, 2, SOC317Y1, SOCC09H3
SOC364H5, 0, 
SOC375H5, 3, SOC344Y1, SOC311H1, SOC342H1
SOC380H5, 0, 
SOC384H5, 1, SOC284H5
SOC387H5, 3, SOC302H1, SOC204H1, SOCC23H3
SOC391H5, 0, 
SOC392H5, 0, 
SOC399H5, 4, Students may not take, SOC399H5, SOC399Y5, concurrently.
SOC399Y5, 4, Students may not take, SOC399H5, SOC399Y5, concurrently.
SOC402H5, 0, 
SOC404H5, 0, 
SOC410H5, 0, 
SOC411H5, 0, 
SOC412H5, 0, 
SOC413H5, 0, 
SOC414H5, 0, 
SOC415H5, 0, 
SOC416H5, 0, 
SOC417H5, 0, 
SOC418H5, 0, 
SOC425H5, 0, 
SOC430H5, 0, 
SOC433H5, 1, SOC324H5
SOC434H5, 3, SOC444H5, Advanced Topics in Sociology: Global Perspectives on RaceClass, Gender Winter 2018
SOC439H5, 0, 
SOC444H5, 0, 
SOC445H5, 0, 
SOC452H5, 0, 
SOC454H5, 0, 
SOC455H5, 4, SOC445H5, L0101 Advanced Topics in Sociology: Comparative Indigenous Politics Fall 2018, SOC445H5, L0102 Advanced Topics in Sociology: Comparative Indigenous Politics Winter 2019
SOC457H5, 0, 
SOC459H5, 0, 
SOC460H5, 0, 
SOC463H5, 3, SOC444H5, Advanced Topics in Sociology: Sociology of Disasters Fall 2016, Winter 2017
SOC465H5, 0, 
SOC467H5, 0, 
SOC480Y5, 0, 
SOC485H5, 0, 
SOC491H5, 0, 
SOC492H5, 0, 
SOC499H5, 4, Students may not take, SOC499H5, SOC499Y5, concurrently.
SOC499Y5, 4, Students may not take, SOC499H5, SOC499Y5, concurrently.
STA107H5, 3, STA256H5, STA257H5, ECO227Y5
STA215H5, 10, STA218H5, STA220H5, STA256H5, STA257H5, STAB22H5, ECO220Y5, ECO227Y5, PSY201H5, PSYB07H3, SOC350H5
STA218H5, 10, STA215H5, STA220H5, STA256H5, STA257H5, ,STAB22H5, ECO220Y5, ECO227Y5, PSY201H5, PSYB07H3, SOC350H5
STA219H5, 0, 
STA220H5, 11, STA215H5, STA218H5, STA256H5, STA257H5, STA220H1, STAB22H3, ECO220Y5, ECO227Y5, PSY201H5, PSYB07H3, SOC350H5
STA221H5, 11, STA221H1, STA256H5, STA257H5, STA257H1, STA258H5, STAB27H3302H5, BIO360H5, ECO220Y5, ECO227Y5, PSY202H5, PSYB08H3
STA256H5, 4, STA257H5, STA257H1, STAB52H3, ECO227Y5
STA258H5, 3, STA248H1, STA255H1, ECO227Y5
STA260H5, 4, STAB57H3, STA261H5, STA261H1, STAC58H3
STA302H5, 2, STA302H1, STAC67H3
STA304H5, 1, STA304H1
STA305H5, 2, STA332H5, STA305H1
STA310H5, 1, STA302H/STA442H5/STA441H1
STA311H5, 0, 
STA312H5, 0, 
STA313H5, 0, 
STA314H5, 0, 
STA315H5, 0, 
STA348H5, 2, STA347H1, STAC63H3
STA378H5, 0, 
STA388H5, 0, 
STA390H5, 1, STA414H1
STA399Y5, 0, 
STA413H5, 1, STA452H1
STA431H5, 0, 
STA437H5, 2, STA437H1, STAD37H3
STA441H5, 1, STA442H5
STA457H5, 2, STA457H1, STAD57H3
STA478H5, 0, 
STA488H5, 0, 
UTM101H5, 0, 
UTM102H5, 0, 
UTM103H5, 0, 
UTM111H5, 16, UTM110H5, UTM112H5, UTM114H5, UTM115H5, UTM116H5, UTM117H5, UTM118H5, UTM119H5, UTM190H5, UTM191H5, UTM192H5, UTM193H5, UTM194H5, UTM195H5, UTM196H5, UTM197H5
UTM112H5, 16, UTM110H5, UTM111H5, UTM114H5, UTM115H5, UTM116H5, UTM117H5, UTM118H5, UTM119H5, UTM190H5, UTM191H5, UTM192H5, UTM193H5, UTM194H5, UTM195H5, UTM196H5, UTM197H5
UTM114H5, 16, UTM110H5, UTM111H5, UTM112H5, UTM115H5, UTM116H5, UTM117H5, UTM118H5, UTM119H5, UTM190H5, UTM191H5, UTM192H5, UTM193H5, UTM194H5, UTM195H5, UTM196H5, UTM197H5
UTM115H5, 16, UTM110H5, UTM111H5, UTM112H5, UTM114H5, UTM116H5, UTM117H5, UTM118H5, UTM119H5, UTM190H5, UTM191H5, UTM192H5, UTM193H5, UTM194H5, UTM195H5, UTM196H5, UTM197H5
UTM116H5, 16, UTM110H5, UTM111H5, UTM112H5, UTM114H5, UTM115H5, UTM117H5, UTM118H5, UTM119H5, UTM190H5, UTM191H5, UTM192H5, UTM193H5, UTM194H5, UTM195H5, UTM196H5, UTM197H5
UTM117H5, 16, UTM110H5, UTM111H5, UTM112H5, UTM114H5, UTM115H5, UTM116H5, UTM118H5, UTM119H5, UTM190H5, UTM191H5, UTM192H5, UTM193H5, UTM194H5, UTM195H5, UTM196H5, UTM197H5
UTM118H5, 16, UTM110H5, UTM111H5, UTM112H5, UTM114H5, UTM115H5, UTM116H5, UTM117H5, UTM119H5, UTM190H5, UTM191H5, UTM192H5, UTM193H5, UTM194H5, UTM195H5, UTM196H5, UTM197H5
UTM119H5, 16, UTM110H5, UTM111H5, UTM112H5, UTM114H5, UTM115H5, UTM116H5, UTM117H5, UTM118H5, UTM190H5, UTM191H5, UTM192H5, UTM193H5, UTM194H5, UTM195H5, UTM196H5, UTM197H5
UTM190H5, 16, UTM110H5, UTM111H5, UTM112H5, UTM114H5, UTM115H5, UTM116H5, UTM117H5, UTM118H5, UTM119H5, UTM191H5, UTM192H5, UTM193H5, UTM194H5, UTM195H5, UTM196H5, UTM197H5
UTM191H5, 17, UTM110H5, UTM111H5, UTM112H5, UTM113H5, UTM114H5, UTM115H5, UTM116H5, UTM117H5, UTM118H5, UTM119H5, UTM190H5, UTM192H5, UTM193H5, UTM194H5, UTM195H5, UTM196H5, UTM197H5
UTM192H5, 17, UTM110H5, UTM111H5, UTM112H5, UTM113H5, UTM114H5, UTM115H5, UTM116H5, UTM117H5, UTM118H5, UTM119H5, UTM190H5, UTM191H5, UTM193H5, UTM194H5, UTM195H5, UTM196H5, UTM197H5
UTM193H5, 17, UTM110H5, UTM111H5, UTM112H5, UTM113H5, UTM114H5, UTM115H5, UTM116H5, UTM117H5, UTM118H5, UTM119H5, UTM190H5, UTM191H5, UTM192H5, UTM194H5, UTM195H5, UTM196H5, UTM197H5
UTM194H5, 17, UTM110H5, UTM111H5, UTM112H5, UTM113H5, UTM114H5, UTM115H5, UTM116H5, UTM117H5, UTM118H5, UTM119H5, UTM190H5, UTM191H5, UTM192H5, UTM193H5, UTM195H5, UTM196H5, UTM197H5
UTM195H5, 17, UTM110H5, UTM111H5, UTM112H5, UTM113H5, UTM114H5, UTM115H5, UTM116H5, UTM117H5, UTM118H5, UTM119H5, UTM190H5, UTM191H5, UTM192H5, UTM193H5, UTM194H5, UTM196H5, UTM197H5
UTM196H5, 17, UTM110H5, UTM111H5, UTM112H5, UTM113H5, UTM114H5, UTM115H5, UTM116H5, UTM117H5, UTM118H5, UTM119H5, UTM190H5, UTM191H5, UTM192H5, UTM193H5, UTM194H5, UTM195H5, UTM197H5
UTM197H5, 16, UTM110H5, UTM111H5, UTM112H5, UTM114H5, UTM115H5, UTM116H5, UTM117H5, UTM118H5, UTM119H5, UTM190H5, UTM191H5, UTM192H5, UTM193H5, UTM194H5, UTM195H5, UTM196H5
UTM290H5, 0, 
UTM377H5, 1, EDS377H5
VCC101H5, 3, FAH201H5, CCT201H5, VCC201H5
VCC205H5, 1, VCC340H5
VCC207H5, 0, 
VCC236H5, 2, HIS336H5, VCC336H5
VCC290H5, 0, 
VCC292H5, 0, 
VCC304H5, 0, 
VCC306H5, 1, VCC302H5
VCC308H5, 0, 
VCC309H5, 1, VCC209H5
VCC334H5, 0, 
VCC338H5, 0, 
VCC360H5, 0, 
VCC390H5, 0, 
VCC392H5, 0, 
VCC399Y5, 2, CCT299Y5, CCT399Y5
VCC400H5, 2, CCT400H5, HSC400H5
VCC405H5, 0, 
VCC406H5, 0, 
VCC407H5, 0, 
VCC409H5, 0, 
VCC411H5, 0, 
VCC415H5, 0, 
VCC420H5, 2, VCC490H5, topics course - The Visual Culture of Automobility.
VCC425H5, 0, 
VCC427H5, 0, 
VCC490H5, 0, 
VCC492H5, 0, 
WGS101H5, 3, WGS160Y1/WSTA01H3/WSTA03H3, May not be taken with / after, WGS200Y5.
WGS102H5, 0, 
WGS200Y5, 6, ERI200Y5, NEW160Y1, WGS160Y1, WSTA01H3, WSTA03H3, WGS260H1
WGS202H5, 0, 
WGS205H5, 4, WGS271Y1, WSTB13H3, May not be taken with / after, WGS470H5.
WGS210H5, 0, 
WGS215H5, 1, WSTC14H3
WGS250H5, 0, 
WGS299Y5, 0, 
WGS301H5, 2, NEW368H1, WSTC13H3
WGS335H5, 4, ERI335H5, NEW335H1, WGS380H1, WSTB06H3
WGS336H5, 1, JNV300H1
WGS337H5, 0, 
WGS340H5, 0, 
WGS343H5, 0, 
WGS345H5, 0, 
WGS347H5, 0, 
WGS350H5, 1, WSTB11H3
WGS351H5, 2, WGS337H5, offered in 2017.
WGS353H5, 1, WGS275H1
WGS354H5, 0, 
WGS355H5, 0, 
WGS365H5, 2, WGS365H1, WSTC16H3
WGS366H5, 3, PSYD18H, WGS372H1, WGS378H1
WGS367H5, 4, ERI367H5, NEW367H1, WGS367H1, WSTC21H3
WGS368H5, 3, ERI368H5, NEW368H1, WGS368H1
WGS369Y5, 2, NEW369Y1, WGS369H1
WGS370H5, 1, WGS374H1
WGS372H5, 2, WGS450H5, WSTD03H3
WGS373H5, 2, WGS373H1, WSTB12H3
WGS410H5, 2, ERI410H5, WGS411Y5
WGS411Y5, 2, ERI411Y5, WGS410H5
WGS418H5, 0, 
WGS419H5, 1, WGS366H1
WGS420H5, 1, WSTD04H3
WGS421H5, 0, 
WGS430H5, 1, WGS430H1
WGS434H5, 0, 
WGS435Y5, 2, WGS470Y1, WSTC23H3
WGS450H5, 1, WSTD03H3
WGS455H5, 1, WGS376H1
WGS470H5, 0, 
WGS472H5, 0, 
WGS497Y5, 0, 
